TextID,Type,Issued,Title,Language,Authors,Subjects,LoCC,Bookshelves,Downloads
172,Text,1994-10-01,The Haunted Bookshop,en,"Morley, Christopher, 1890-1957","Booksellers and bookselling -- Fiction; Brooklyn (New York, N.Y.) -- Fiction; Mystery and detective stories",PS,Bibliomania; Category: Novels; Category: American Literature,888
3758,Text,2003-02-01,The Gates of Chance,en,"Sutphen, Van Tassel, 1861-1945",Mystery and detective stories,PS,Category: Novels; Category: American Literature,324
4985,Text,2004-01-01,"Ruth Fielding of the Red Mill; Or, Jasper Parloe's Secret",en,"Emerson, Alice B.","Friendship -- Juvenile fiction; Mystery and detective stories; Farm life -- Juvenile fiction; Fielding, Ruth (Fictitious character) -- Juvenile fiction",PZ,Children's Book Series; Category: Children & Young Adult Reading; Category: Adventure; Category: Novels; Category: American Literature,293
5004,Text,2004-02-01,"The Motor Boys on the Pacific; Or, the Young Derelict Hunters",en,"Young, Clarence",Mystery and detective stories; Motorboats -- Juvenile fiction; Swindlers and swindling -- Juvenile fiction; Automobile racing -- Juvenile fiction; Derelicts -- Juvenile fiction; Railroad travel -- Juvenile fiction,PZ,Category: Children & Young Adult Reading; Category: Adventure,326
5695,Text,2004-05-01,"Jim Cummings; Or, The Great Adams Express Robbery",en,"Pinkerton, A. Frank",Mystery and detective stories; Train robberies -- United States -- Fiction,PS,"Category: Crime, Thrillers and Mystery; Category: Novels",223
6133,Text,2004-07-01,"The Extraordinary Adventures of Arsène Lupin, Gentleman-Burglar",en,"Leblanc, Maurice, 1864-1941","Short stories; Burglars -- Fiction; Lupin, Arsène (Fictitious character) -- Fiction; Adventure stories, French -- Translations into English; Mystery and detective stories",PQ,"Crime Fiction; Category: Crime, Thrillers and Mystery; Category: Adventure; Category: Novels; Category: French Literature",5636
6851,Text,2004-11-01,"Ruth Fielding at Snow Camp; Or, Lost in the Backwoods",en,"Emerson, Alice B.","Vacations -- Juvenile fiction; Adventure and adventurers -- Juvenile fiction; Canada -- Juvenile fiction; Mystery and detective stories; Fielding, Ruth (Fictitious character) -- Juvenile fiction",PZ,Children's Book Series; Category: Children & Young Adult Reading; Category: Adventure; Category: Novels,221
8668,Text,2004-11-20,Revenge!,en,"Barr, Robert, 1850-1912",Fiction; Short stories; Mystery and detective stories,PS,"Category: Short Stories; Category: Crime, Thrillers and Mystery",346
9948,Text,2006-02-01,"The Banner Boy Scouts Afloat; or, The Secret of Cedar Island",en,"Warren, George A.",Islands -- Juvenile fiction; Boy Scouts -- Juvenile fiction; Mystery and detective stories; Boats and boating -- Juvenile fiction,PZ,Children's Book Series; Category: Children & Young Adult Reading; Category: Adventure; Category: Novels,209
10059,Text,2003-11-01,Aunt Jane's Nieces on Vacation,en,"Baum, L. Frank (Lyman Frank), 1856-1919",Family -- Juvenile fiction; Mystery and detective stories; Uncles -- Juvenile fiction; Cousins -- Juvenile fiction; Farm life -- Juvenile fiction; Young women -- Social life and customs -- Juvenile fiction; Newspaper publishing -- Juvenile fiction; Women authors -- Juvenile fiction,PZ,Category: Children & Young Adult Reading; Category: Novels; Category: American Literature,215
10359,Text,2003-12-01,Aunt Jane's Nieces at Millville,en,"Baum, L. Frank (Lyman Frank), 1856-1919",Mystery and detective stories; Uncles -- Juvenile fiction; Cousins -- Juvenile fiction; Farm life -- Juvenile fiction; Family life -- Juvenile fiction; Young women -- Social life and customs -- Juvenile fiction; Stocks -- Juvenile fiction,PZ,Category: Novels; Category: American Literature,245
10468,Text,2003-12-01,Aunt Jane's Nieces in Society,en,"Baum, L. Frank (Lyman Frank), 1856-1919",Family -- Juvenile fiction; New York (N.Y.) -- Juvenile fiction; Mystery and detective stories; Uncles -- Juvenile fiction; Cousins -- Juvenile fiction; Social classes -- Juvenile fiction; Young women -- Social life and customs -- Juvenile fiction; Debutantes -- Juvenile fiction; Upper class -- Juvenile fiction,PZ,Category: Novels; Category: American Literature,289
10474,Text,2003-12-01,The Lost Naval Papers,en,"Copplestone, Bennet, 1867-1932","Mystery and detective stories; Dawson, William (Fictitious character) -- Fiction",PR,"Category: Crime, Thrillers and Mystery; Category: Novels; Category: British Literature; Category: History - Modern (1750+)",222
10724,Text,2004-01-01,The Store Boy,en,"Alger, Horatio, Jr., 1832-1899",Conduct of life -- Juvenile fiction; Adventure and adventurers -- Juvenile fiction; Mystery and detective stories; Swindlers and swindling -- Juvenile fiction; New York (N.Y.) -- History -- 1865-1898 -- Juvenile fiction; Real estate agents -- Juvenile fiction,PZ,Children's Fiction; Category: Children & Young Adult Reading; Category: Novels; Category: American Literature,257
12028,Text,2004-04-01,The Uttermost Farthing: A Savant's Vendetta,en,"Freeman, R. Austin (Richard Austin), 1862-1943",Mystery and detective stories; Vigilantes -- Fiction,PR,"Category: Crime, Thrillers and Mystery; Category: Novels",311
12314,Text,2004-05-01,"Ashton-Kirk, Investigator",en,"McIntyre, John T. (John Thomas), 1871-1951; Boyer, Ralph L. (Ralph Ludwig), 1879-1952 [Illustrator]",Mystery and detective stories; American fiction -- 20th century,PS,"Category: Crime, Thrillers and Mystery; Category: Novels",352
12441,Text,2004-05-01,The House of a Thousand Candles,en,"Nicholson, Meredith, 1866-1947; Christy, Howard Chandler, 1873-1952 [Illustrator]",Inheritance and succession -- Fiction; Indiana -- Fiction; Mystery and detective stories,PS,"Bestsellers, American, 1895-1923; Category: Crime, Thrillers and Mystery; Category: Novels; Category: American Literature",379
12659,Text,2004-06-01,The Vertical City,en,"Hurst, Fannie, 1889-1968",New York (N.Y.) -- Fiction; Mystery and detective stories,PS,Category: Novels; Category: American Literature,234
12945,Text,2004-07-19,The Boy Scouts of the Geological Survey,en,"Shaler, Robert",Mystery and detective stories; Boy Scouts of America -- Juvenile fiction; Surveying -- Juvenile fiction,PZ,Children's Book Series; Category: Children & Young Adult Reading; Category: Adventure; Category: Novels,171
12946,Text,2004-07-19,The Boy Scouts on Picket Duty,en,"Shaler, Robert",Mystery and detective stories; Boy Scouts of America -- Juvenile fiction; Smuggling -- Juvenile fiction; Florida -- Juvenile fiction; Everglades (Fla.) -- Juvenile fiction,PZ,"Children's Book Series; Category: Children & Young Adult Reading; Category: Crime, Thrillers and Mystery; Category: Adventure; Category: Novels; Category: American Literature",195
12947,Text,2004-07-19,The Boy Scouts of the Flying Squadron,en,"Shaler, Robert",Mystery and detective stories; Boy Scouts of America -- Juvenile fiction; Aeronautics -- Juvenile fiction; Airplanes -- Juvenile fiction,PZ,Children's Book Series; Category: Children & Young Adult Reading; Category: Adventure; Category: Novels,188
12948,Text,2004-07-19,The Boy Scouts with the Motion Picture Players,en,"Shaler, Robert",Mystery and detective stories; Boy Scouts of America -- Juvenile fiction; Motion pictures -- Juvenile fiction,PZ,Children's Book Series; Category: Children & Young Adult Reading; Category: Adventure; Category: Novels,177
13110,Text,2004-08-03,Aunt Jane's Nieces at Work,en,"Baum, L. Frank (Lyman Frank), 1856-1919",Family -- Juvenile fiction; Mystery and detective stories; Uncles -- Juvenile fiction; Cousins -- Juvenile fiction; Artists -- Juvenile fiction; New York (State) -- Juvenile fiction; Spies -- Juvenile fiction; Political campaigns -- Juvenile fiction; United States. Congress. House -- Elections -- Juvenile fiction; Young women -- Social life and customs -- Juvenile fiction,PZ,Category: Novels; Category: American Literature,279
15720,Text,2005-04-27,"Ruth Fielding in the Great Northwest; Or, The Indian Girl Star of the Movies",en,"Emerson, Alice B.","Adventure and adventurers -- Juvenile fiction; Mystery and detective stories; Motion picture industry -- Juvenile fiction; Fielding, Ruth (Fictitious character) -- Juvenile fiction; Osage Indians -- Juvenile fiction",PZ,Children's Book Series; Category: Children & Young Adult Reading; Category: Adventure; Category: Novels,321
16919,Text,2005-10-23,"The Bradys and the Girl Smuggler; Or, Working for the Custom House",en,"Doughty, Francis Worcester, 1850-1917",Mystery and detective stories; Dime novels; American fiction,PS,"Category: Crime, Thrillers and Mystery; Category: Novels; Category: American Literature",230
17099,Text,2005-11-18,"The Meadow-Brook Girls by the Sea; Or, The Loss of The Lonesome Bar",en,"Aldridge, Janet",Sea stories; Mystery and detective stories; Cuba -- Juvenile fiction; Smuggling -- Juvenile fiction,PZ,Children's Book Series; Category: Children & Young Adult Reading; Category: Adventure; Category: Novels,213
19295,Text,2006-09-16,"The Outdoor Girls at Ocean View; Or, The Box That Was Found in the Sand",en,"Hope, Laura Lee",Treasure troves -- Juvenile fiction; Adventure and adventurers -- Juvenile fiction; Girls -- Juvenile fiction; Girls -- Societies and clubs -- Juvenile fiction; Mystery and detective stories; Brigands and robbers -- Juvenile fiction,PZ,Children's Book Series; Category: Children & Young Adult Reading; Category: Adventure; Category: Novels,204
20985,Text,2007-04-04,"The Banner Boy Scouts on a Tour; or, The Mystery of Rattlesnake Mountain",en,"Warren, George A.",Boy Scouts -- Juvenile fiction; Camping -- Juvenile fiction; Mystery and detective stories; Robbery -- Juvenile fiction,PZ,"Children's Book Series; Category: Children & Young Adult Reading; Category: Crime, Thrillers and Mystery; Category: Adventure",4012
21052,Text,2007-04-13,The pirate shark,en,"Whitney, Elliott, 1863-1913; Arting, Fred J., 1875-1922 [Illustrator]",Treasure troves -- Juvenile fiction; Mystery and detective stories; Shark fishing -- Juvenile fiction,PZ,Category: Adventure; Category: Novels,351
21794,Text,2007-06-10,"The Boy from the Ranch; Or, Roy Bradner's City Experiences",en,"Webster, Frank V.",Mystery and detective stories; City and town life -- Juvenile fiction; Ranch life -- Juvenile fiction; Thieves -- Juvenile fiction,PZ,Category: Adventure; Category: Novels; Category: American Literature,234
21842,Text,2007-06-15,"The Boy Scouts of Lenox; Or, The Hike Over Big Bear Mountain",en,"Webster, Frank V.",Hiking -- Juvenile fiction; Boy Scouts -- Juvenile fiction; Mystery and detective stories; Mountains -- Juvenile fiction; Boy Scouts of America -- Juvenile fiction; Thieves -- Juvenile fiction,PZ,Children's Book Series; Category: Children & Young Adult Reading; Category: Adventure; Category: Novels,316
21876,Text,2007-06-20,Mary Louise and the Liberty Girls,en,"Baum, L. Frank (Lyman Frank), 1856-1919; Carsey, Alice [Illustrator]","Teenage girls -- Juvenile fiction; Mystery and detective stories; World War, 1914-1918 -- War work -- Juvenile fiction; Burrows, Mary Louise (Fictitious character) -- Juvenile fiction; Liberty bonds -- Juvenile fiction; Traitors -- Juvenile fiction; Middle West -- Juvenile fiction",PZ,Children's Book Series; Category: Historical Novels; Category: Children & Young Adult Reading; Category: Novels; Category: American Literature,239
22225,Text,2007-08-03,Mary Louise in the Country,en,"Baum, L. Frank (Lyman Frank), 1856-1919; St. John, J. Allen (James Allen), 1872-1957 [Illustrator]","Teenage girls -- Juvenile fiction; Mystery and detective stories; Burrows, Mary Louise (Fictitious character) -- Juvenile fiction",PZ,Children's Literature; Children's Book Series; Category: Children & Young Adult Reading; Category: Adventure; Category: Novels; Category: American Literature,317
23116,Text,2007-10-20,"Ruth Fielding Down East; Or, The Hermit of Beach Plum Point",en,"Emerson, Alice B.","Mystery and detective stories; Maine -- Juvenile fiction; Motion picture industry -- Juvenile fiction; Thieves -- Juvenile fiction; Fielding, Ruth (Fictitious character) -- Juvenile fiction",PZ,"Children's Book Series; Category: Children & Young Adult Reading; Category: Crime, Thrillers and Mystery; Category: Adventure; Category: Novels; Category: American Literature",391
23677,Text,2007-12-02,The moving picture boys on the coast,en,"Appleton, Victor",Mystery and detective stories; Motion pictures -- Production and direction -- Juvenile fiction; California -- Juvenile fiction,PZ,Children's Book Series; Category: Adventure; Category: Novels,357
24929,Text,2008-03-28,The Green Rust,en,"Wallace, Edgar, 1875-1932",Mystery and detective stories,PR,"Category: Crime, Thrillers and Mystery; Category: Novels; Category: British Literature",892
25595,Text,2008-05-25,A Queen's Error,en,"Curties, Henry, 1860-1928",Somerset (England) -- Fiction; Mystery and detective stories,PR,"Category: Crime, Thrillers and Mystery; Category: Novels",200
26613,Text,2008-09-14,"Ruth Fielding At College; or, The Missing Examination Papers",en,"Emerson, Alice B.","Detective and mystery stories; College students -- Juvenile fiction; Mystery and detective stories; College stories; Fielding, Ruth (Fictitious character) -- Juvenile fiction",PZ,Category: Children & Young Adult Reading; Category: Novels,601
30827,Text,2010-01-01,The Count's Chauffeur,en,"Le Queux, William, 1864-1927",Short stories; Criminals -- Fiction; Mystery and detective stories; Chauffeurs -- Fiction,PR,"Category: Crime, Thrillers and Mystery; Category: Adventure; Category: Novels",296
30838,Text,2010-01-03,"Ashton-Kirk, Criminologist",en,"McIntyre, John T. (John Thomas), 1871-1951; Boyer, Ralph L. (Ralph Ludwig), 1879-1952 [Illustrator]",Mystery and detective stories; American fiction -- 20th century,PS,"Category: Crime, Thrillers and Mystery; Category: Novels",251
30864,Text,2010-01-05,"The Missing Tin Box; Or, The Stolen Railroad Bonds",en,"Stratemeyer, Edward, 1862-1930",Orphans -- Juvenile fiction; Mystery and detective stories; Brigands and robbers -- Juvenile fiction,PZ,"Category: Crime, Thrillers and Mystery; Category: Adventure; Category: Novels",220
30914,Text,2010-01-10,"The Corner House Girls Growing Up What Happened First, What Came Next. And How It Ended",en,"Hill, Grace Brooks; Owen, Robert Emmett, 1878-1957 [Illustrator]",Mystery and detective stories; Sisters -- Juvenile fiction; First loves -- Juvenile fiction,PZ,Category: Children & Young Adult Reading; Category: Novels; Category: American Literature,317
32310,Text,2010-05-09,Dorothy at Oak Knowe,en,"Raymond, Evelyn, 1843-1910; Mencl, Rudolf [Illustrator]","Schools -- Juvenile fiction; Teenage girls -- Juvenile fiction; Canada -- Juvenile fiction; Mystery and detective stories; Missing children -- Juvenile fiction; Boarding school students -- Juvenile fiction; Young women -- Social life and customs -- Juvenile fiction; Chester, Dorothy (Fictitious character) -- Juvenile fiction; Americans -- Canada -- Juvenile fiction",PZ,Category: Children & Young Adult Reading; Category: Novels,184
32437,Text,2010-05-19,"The Automobile Girls at Chicago; Or, Winning Out Against Heavy Odds",en,"Crane, Laura Dent",Friendship -- Juvenile fiction; Vacations -- Juvenile fiction; Treasure troves -- Juvenile fiction; Girls -- Societies and clubs -- Juvenile fiction; Mystery and detective stories; Automobile travel -- Juvenile fiction; Chicago (Ill.) -- Juvenile fiction,PZ,Category: Children & Young Adult Reading; Category: Adventure; Category: Novels,286
32730,Text,2010-06-07,The Heart of a Woman,en,"Orczy, Emmuska Orczy, Baroness, 1865-1947",Murder -- Fiction; Mystery and detective stories,PR,"Category: Romance; Category: Crime, Thrillers and Mystery; Category: Novels; Category: British Literature",323
33004,Text,2010-06-27,The Red Rat's Daughter,en,"Boothby, Guy, 1867-1905; Austin, Henry [Illustrator]",Fiction; Mystery and detective stories,PR,Category: Romance; Category: Adventure; Category: Novels,216
33282,Text,2010-07-28,"The Boy Pilot of the Lakes; Or, Nat Morton's Perils",en,"Webster, Frank V.",Rescues -- Juvenile fiction; Mystery and detective stories; Great Lakes (North America) -- Juvenile fiction; Pilots and pilotage -- Juvenile fiction,PZ,Category: Children & Young Adult Reading; Category: Adventure; Category: Novels; Category: American Literature,239
34020,Text,2010-10-02,The Window at the White Cat,en,"Rinehart, Mary Roberts, 1876-1958",Love stories; Mystery and detective stories; Political corruption -- Fiction; Lawyers -- Fiction,PS,"Bestsellers, American, 1895-1923; Category: Crime, Thrillers and Mystery; Category: Novels; Category: American Literature",340
34347,Text,2010-11-17,"Dave Porter in the South Seas; or, The Strange Cruise of the Stormy Petrel",en,"Stratemeyer, Edward, 1862-1930; Hazelton, I. B. (Isaac Brewster), 1875-1943 [Illustrator]",Sea stories; Missing persons -- Juvenile fiction; Mystery and detective stories; Oceania -- Juvenile fiction; Ocean travel -- Juvenile fiction; Father and child -- Juvenile fiction,PZ,Category: Children & Young Adult Reading; Category: Adventure; Category: Novels,283
34443,Text,2010-11-25,"The Camp Fire Girls at the Seashore; Or, Bessie King's Happiness",en,"Stewart, Jane L.",Camp Fire Girls -- Juvenile fiction; Girls -- Societies and clubs -- Juvenile fiction; Mystery and detective stories; Boats and boating -- Juvenile fiction; Inheritance and succession -- Juvenile fiction,PZ,Category: Children & Young Adult Reading; Category: Adventure; Category: Novels,194
34597,Text,2010-12-08,McAllister and His Double,en,"Train, Arthur Cheney, 1875-1945",Short stories; Single men -- Fiction; Valets -- Fiction; Mystery and detective stories,PS,"Category: Crime, Thrillers and Mystery; Category: Humour; Category: Novels; Category: American Literature",374
34653,Text,2010-12-16,The Three Eyes,en,"Leblanc, Maurice, 1864-1941; Gage, George W., 1887-1957 [Illustrator]; Teixeira de Mattos, Alexander, 1865-1921 [Translator]",Mystery and detective stories,PQ,"Category: Science-Fiction & Fantasy; Category: Crime, Thrillers and Mystery; Category: Novels",266
34749,Text,2010-12-24,"The Girls of Central High on Track and Field Or, The Champions of the School League",en,"Morrison, Gertrude W.",Schools -- Juvenile fiction; High school students -- Juvenile fiction; Mystery and detective stories; Romanies -- Juvenile fiction; Competition -- Juvenile fiction; Track and field for women -- Juvenile fiction,PZ,Category: Children & Young Adult Reading; Category: Adventure; Category: Novels; Category: Sports/Hobbies,272
35044,Text,2011-01-22,"The Boys of the Wireless; Or, A Stirring Rescue from the Deep",en,"Webster, Frank V.","Kidnapping -- Juvenile fiction; Rescues -- Juvenile fiction; Mystery and detective stories; Telegraph, Wireless -- Juvenile fiction",PZ,Category: Children & Young Adult Reading; Category: Adventure; Category: Novels,392
35808,Text,2011-04-09,The Boy Scouts of the Air in Indian Land,en,"Stuart, Gordon (Adventure story writer); Hall, N. P. [Illustrator]",Boy Scouts -- Juvenile fiction; Indians of North America -- Juvenile fiction; Mystery and detective stories; Aeronautics -- Juvenile fiction,PZ,Category: Children & Young Adult Reading; Category: Adventure; Category: Novels,223
35859,Text,2011-04-12,Aunt Jane's Nieces on the Ranch,en,"Baum, L. Frank (Lyman Frank), 1856-1919",Mystery and detective stories; Ranch life -- Juvenile fiction; California -- Juvenile fiction; Families -- Juvenile fiction; Young women -- Social life and customs -- Juvenile fiction; Infants -- Juvenile fiction,PZ,Category: Children & Young Adult Reading; Category: Novels; Category: American Literature,387
36118,Text,2011-05-15,A Crime of the Under-seas,en,"Boothby, Guy, 1867-1905; Wood, Stanley L., 1866-1928 [Illustrator]",Short stories; Mystery and detective stories,PR,"Category: Crime, Thrillers and Mystery; Category: Adventure; Category: Novels",270
36130,Text,2011-05-16,"The Campfire Girls on Station Island; Or, The Wireless from the Steam Yacht",en,"Penrose, Margaret","Islands -- Juvenile fiction; Friendship -- Juvenile fiction; Yachts -- Juvenile fiction; Mystery and detective stories; Telegraph, Wireless -- Juvenile fiction; Right of property -- Juvenile fiction",PZ,Category: Children & Young Adult Reading; Category: Adventure; Category: Novels,261
36377,Text,2011-06-13,"Dave Porter on Cave Island; Or, A Schoolboy's Mysterious Mission",en,"Stratemeyer, Edward, 1862-1930; Boehm, H. Richard, 1871-1914 [Illustrator]",Sea stories; Islands -- Juvenile fiction; Mystery and detective stories; Thieves -- Juvenile fiction; Ocean travel -- Juvenile fiction; Burglary -- Juvenile fiction,PZ,Category: Children & Young Adult Reading; Category: Adventure; Category: Novels,257
36388,Text,2011-06-12,"Airship Andy; Or, The Luck of a Brave Boy",en,"Webster, Frank V.",Mystery and detective stories; Airships -- Juvenile fiction; Racing -- Juvenile fiction,PZ,Category: Children & Young Adult Reading; Category: Adventure; Category: Novels,263
36396,Text,2011-06-12,"Ruth Fielding In the Saddle; Or, College Girls in the Land of Gold",en,"Emerson, Alice B.","Schools -- Juvenile fiction; Adventure and adventurers -- Juvenile fiction; Mystery and detective stories; Arizona -- Juvenile fiction; Fielding, Ruth (Fictitious character) -- Juvenile fiction; Boarding school students -- Juvenile fiction; Motion picture authorship -- Juvenile fiction",PZ,Category: Children & Young Adult Reading; Category: Adventure; Category: Novels; Category: American Literature,250
36426,Text,2011-06-14,"The Motor Girls at Camp Surprise; Or, The Cave in the Mountains",en,"Penrose, Margaret",Caves -- Juvenile fiction; Girls -- Societies and clubs -- Juvenile fiction; Mystery and detective stories; Automobiles -- Juvenile fiction; Brigands and robbers -- Juvenile fiction,PZ,Category: Children & Young Adult Reading; Category: Adventure; Category: Novels,211
37019,Text,2011-08-09,"The Girls of Central High; Or, Rivals for All Honors",en,"Morrison, Gertrude W.",Schools -- Juvenile fiction; High school students -- Juvenile fiction; Mystery and detective stories; Best friends -- Juvenile fiction; Young women -- Social life and customs -- Juvenile fiction,PZ,Category: Children & Young Adult Reading; Category: Novels; Category: Sports/Hobbies,292
37912,Text,2011-11-02,"The Girls of Central High at Basketball; Or, The Great Gymnasium Mystery",en,"Morrison, Gertrude W.",Schools -- Juvenile fiction; High school students -- Juvenile fiction; Mystery and detective stories; Young women -- Social life and customs -- Juvenile fiction; Competition -- Juvenile fiction; Athletics -- Juvenile fiction,PZ,"Category: Children & Young Adult Reading; Category: Crime, Thrillers and Mystery; Category: Novels; Category: Sports/Hobbies",217
38030,Text,2011-11-16,"The Girl Scouts at Camp Comalong; Or, Peg of Tamarack Hills",en,"Garis, Lilian, 1873-1954",Friendship -- Juvenile fiction; Girl Scouts -- Juvenile fiction; Mystery and detective stories; Clubs -- Juvenile fiction; Autonomy -- Juvenile fiction,PZ,Category: Children & Young Adult Reading; Category: Adventure; Category: Novels,172
38123,Text,2011-11-24,"The Automobile Girls at Palm Beach; Or, Proving Their Mettle Under Southern Skies",en,"Crane, Laura Dent",Vacations -- Juvenile fiction; Girls -- Societies and clubs -- Juvenile fiction; Mystery and detective stories; Princesses -- Juvenile fiction; Automobile travel -- Juvenile fiction; Swindlers and swindling -- Juvenile fiction; Palm Beach (Fla.) -- Juvenile fiction,PZ,Category: Children & Young Adult Reading; Category: Adventure; Category: Novels; Category: American Literature,188
38609,Text,2012-01-18,"The Corner House Girls on a Houseboat How they sailed away, what happened on the voyage, and what was discovered",en,"Hill, Grace Brooks; Gooch, Thelma, 1895-1973 [Illustrator]",Vacations -- Juvenile fiction; Family -- Juvenile fiction; Houseboats -- Juvenile fiction; Mystery and detective stories; Circus performers -- Juvenile fiction; Sisters -- Juvenile fiction; Brigands and robbers -- Juvenile fiction; Canal-boats -- Juvenile fiction; Reunions -- Juvenile fiction,PZ,Category: Children & Young Adult Reading; Category: Adventure; Category: Novels,248
38969,Text,2012-02-27,"Ralph, the Train Dispatcher; Or, The Mystery of the Pay Car",en,"Chapman, Allen",Mystery and detective stories; Railroad stories; Railroads -- Juvenile fiction,PZ,"Category: Crime, Thrillers and Mystery; Category: Adventure; Category: Novels; Category: American Literature",237
38983,Text,2012-02-25,"The Camp Fire Girls Solve a Mystery; Or, The Christmas Adventure at Carver House",en,"Frey, Hildegard G., 1891-1957",Family -- Juvenile fiction; Camp Fire Girls -- Juvenile fiction; Mystery and detective stories; Clubs -- Juvenile fiction; Prudence -- Juvenile fiction; Thoughtfulness -- Juvenile fiction,PZ,"Christmas; Category: Children & Young Adult Reading; Category: Crime, Thrillers and Mystery; Category: Adventure; Category: Novels",2043
39063,Text,2012-03-05,"The Motor Girls in the Mountains; or, The Gypsy Girl's Secret",en,"Penrose, Margaret",Girls -- Societies and clubs -- Juvenile fiction; Mystery and detective stories; Automobiles -- Juvenile fiction; Romanies -- Juvenile fiction,PZ,"Category: Children & Young Adult Reading; Category: Crime, Thrillers and Mystery; Category: Adventure; Category: Novels",247
40108,Text,2012-06-29,Tales of Secret Egypt,en,"Rohmer, Sax, 1883-1959",Short stories; Egypt -- Fiction; Mystery and detective stories,PR,"Category: Short Stories; Category: Science-Fiction & Fantasy; Category: Crime, Thrillers and Mystery; Category: Adventure",635
40585,Text,2012-08-26,Comrades on River and Lake,en,"Victor, Ralph; Schneider, S. [Illustrator]","Canoes and canoeing -- Juvenile fiction; Mystery and detective stories; Smugglers -- Juvenile fiction; Canada, Eastern -- Juvenile fiction; Champlain, Lake -- Juvenile fiction",PZ,Category: Children & Young Adult Reading; Category: Adventure; Category: Novels,351
40666,Text,2012-09-05,"Missing at Marshlands Arden Blake Mystery Series #3",en,"Garis, Cleo F., 1905-1998",Friendship -- Juvenile fiction; Vacations -- Juvenile fiction; Young women -- Juvenile fiction; Mystery and detective stories; Artists -- Juvenile fiction; Thieves -- Juvenile fiction; Women college students -- Juvenile fiction; Russians -- United States -- Juvenile fiction,PZ,"Category: Crime, Thrillers and Mystery; Category: Novels",226
40667,Text,2012-09-05,"The Mystery of Jockey Hollow Arden Blake Mystery Series #2",en,"Garis, Cleo F., 1905-1998",Friendship -- Juvenile fiction; Holidays -- Juvenile fiction; Young women -- Juvenile fiction; Mystery and detective stories; Women college students -- Juvenile fiction; Ghosts -- Juvenile fiction; Haunted houses -- Juvenile fiction; Buildings -- Repair and reconstruction -- Juvenile fiction,PZ,"Category: Crime, Thrillers and Mystery; Category: Adventure; Category: Novels; Category: American Literature",280
40725,Text,2012-09-10,"The Orchard Secret Arden Blake Mystery Series #1",en,"Garis, Cleo F., 1905-1998",Friendship -- Juvenile fiction; Young women -- Juvenile fiction; Mystery and detective stories; Hazing -- Juvenile fiction; Women college students -- Juvenile fiction,PZ,"Category: Children & Young Adult Reading; Category: Crime, Thrillers and Mystery; Category: Novels",363
41909,Text,2013-01-24,The Crimson Thread: An Adventure Story for Girls,en,"Snell, Roy J. (Roy Judson), 1878-1959",Mystery and detective stories; Young women -- Social life and customs -- Juvenile fiction; Booksellers and bookselling -- Juvenile fiction; Clerks (Retail trade) -- Juvenile fiction; Department stores -- Juvenile fiction,PZ,"Category: Children & Young Adult Reading; Category: Crime, Thrillers and Mystery; Category: Adventure; Category: Novels",317
42016,Text,2013-02-04,"The Purple Flame A Mystery Story for Girls",en,"Snell, Roy J. (Roy Judson), 1878-1959",Mystery and detective stories; Cousins -- Juvenile fiction; Hermits -- Juvenile fiction; Alaska -- Social life and customs -- Juvenile fiction; Alaska -- Description and travel -- Juvenile fiction; Reindeer -- Juvenile fiction,PZ,Category: Adventure; Category: Novels,330
42040,Text,2013-02-01,The Cruise of the O Moo,en,"Snell, Roy J. (Roy Judson), 1878-1959","Family -- Juvenile fiction; Yachts -- Juvenile fiction; Mystery and detective stories; Winter -- Juvenile fiction; Sisters -- Juvenile fiction; Michigan, Lake -- Juvenile fiction",PZ,"Category: Children & Young Adult Reading; Category: Crime, Thrillers and Mystery; Category: Adventure; Category: Novels",261
42069,Text,2013-02-11,Janet Hardy in Hollywood,en,"Wheeler, Ruthe S.","Adventure stories; Mystery and detective stories; Motion picture industry -- Juvenile fiction; Ambition -- Juvenile fiction; Actresses -- Juvenile fiction; Hollywood (Los Angeles, Calif.) -- Juvenile fiction; Women in the theater -- Juvenile fiction",PZ,Category: Children & Young Adult Reading; Category: Novels,280
42137,Text,2013-02-19,"The Magic Curtain A Mystery Story for Girls",en,"Snell, Roy J. (Roy Judson), 1878-1959",Mystery and detective stories; Thieves -- Juvenile fiction; Women detectives -- Juvenile fiction; Women dancers -- Juvenile fiction,PZ,"Category: Children & Young Adult Reading; Category: Crime, Thrillers and Mystery; Category: Adventure",291
42687,Text,2013-05-11,The Seven Sleuths' Club,en,"Norton, Carol, 1876-",Mystery and detective stories; Young women -- Social life and customs -- Juvenile fiction; Young women -- Societies and clubs -- Juvenile fiction; Women detectives -- Juvenile fiction,PZ,"Category: Children & Young Adult Reading; Category: Crime, Thrillers and Mystery; Category: Humour; Category: Novels",307
42840,Text,2013-05-29,Sisters,en,"North, Grace May, 1876-1960",Family -- Juvenile fiction; Mystery and detective stories; Sisters -- Juvenile fiction; Identity (Philosophical concept) -- Juvenile fiction; Mistaken identity -- Juvenile fiction,PZ,Category: Novels; Category: American Literature,296
43102,Text,2013-07-06,"The Rope of Gold A Mystery Story for Boys",en,"Snell, Roy J. (Roy Judson), 1878-1959",Treasure troves -- Juvenile fiction; Mystery and detective stories,PZ,"Category: Crime, Thrillers and Mystery; Category: Adventure; Category: Novels",302
43197,Text,2013-07-12,The Golden Boys and Their New Electric Cell,en,"Wyman, L. P. (Levi Parker), 1873-1950; Schaeffer, Mead, 1898-1980 [Illustrator]",Kidnapping -- Juvenile fiction; Mystery and detective stories; Inventors -- Juvenile fiction; Racing -- Juvenile fiction,PZ,Category: Children & Young Adult Reading; Category: Adventure,282
43256,Text,2013-07-20,"Witches Cove A Mystery Story for Girls",en,"Snell, Roy J. (Roy Judson), 1878-1959",Mystery and detective stories; Boats and boating -- Juvenile fiction; Smugglers -- Juvenile fiction; Airplanes -- Juvenile fiction; Maine -- Description and travel -- Juvenile fiction,PZ,Category: Adventure; Category: Novels,311
43263,Text,2013-07-20,"The Arrow of Fire A Mystery Story for Boys",en,"Snell, Roy J. (Roy Judson), 1878-1959",Mystery and detective stories; Police -- Juvenile fiction; Gangsters -- Juvenile fiction,PZ,"Category: Crime, Thrillers and Mystery; Category: Novels",224
43362,Text,2013-07-30,"Riddle of the Storm A Mystery Story for Boys",en,"Snell, Roy J. (Roy Judson), 1878-1959",Mystery and detective stories; Mines and mineral resources -- Juvenile fiction; Aircraft theft -- Juvenile fiction,PZ,"Category: Children & Young Adult Reading; Category: Crime, Thrillers and Mystery; Category: Adventure",451
43509,Text,2013-08-19,"The Motor Boys Across the Plains; or, The Hermit of Lost Lake",en,"Young, Clarence; Nuttall, Charles, 1872-1934 [Illustrator]",Great Plains -- Juvenile fiction; Mystery and detective stories; Automobiles -- Juvenile fiction; Hermits -- Juvenile fiction,PZ,Category: Children & Young Adult Reading; Category: Adventure; Category: Novels,256
43582,Text,2013-08-28,The Mystery at Dark Cedars,en,"Lavell, Edith",Detective and mystery stories; Teenage girls -- Juvenile fiction; Brigands and robbers -- Juvenile fiction; Women detectives -- Juvenile fiction; Children of police -- Juvenile fiction; Vacation homes -- Juvenile fiction,PZ,"Category: Children & Young Adult Reading; Category: Crime, Thrillers and Mystery; Category: Novels",271
43583,Text,2013-08-28,The Mystery of the Fires,en,"Lavell, Edith",Detective and mystery stories; Camps -- Juvenile fiction; Teenage girls -- Juvenile fiction; Arson -- Juvenile fiction; Women detectives -- Juvenile fiction; Children of police -- Juvenile fiction,PZ,"Category: Children & Young Adult Reading; Category: Crime, Thrillers and Mystery; Category: Novels",287
43584,Text,2013-08-28,The Mystery of the Secret Band,en,"Lavell, Edith",Detective and mystery stories; Teenage girls -- Juvenile fiction; Thieves -- Juvenile fiction; Women detectives -- Juvenile fiction; Children of police -- Juvenile fiction; Hotels -- Juvenile fiction,PZ,"Category: Children & Young Adult Reading; Category: Crime, Thrillers and Mystery; Category: Novels; Category: American Literature",269
43677,Text,2013-09-09,"Whispers at Dawn; Or, The Eye",en,"Snell, Roy J. (Roy Judson), 1878-1959",Mystery and detective stories; Thieves -- Juvenile fiction; Bonds -- Juvenile fiction,PZ,"Category: Crime, Thrillers and Mystery; Category: Adventure; Category: Novels; Category: American Literature",252
43699,Text,2013-09-12,The Phantom Town Mystery,en,"Norton, Carol, 1876-",Western stories; Treasure troves -- Juvenile fiction; Caves -- Juvenile fiction; Mystery and detective stories; Ranch life -- Juvenile fiction; Arizona -- Description and travel -- Juvenile fiction; Haunted places -- Juvenile fiction,PZ,"Category: Crime, Thrillers and Mystery; Category: Adventure; Category: Novels",400
43904,Text,2013-10-07,"Mystery Wings A Mystery Story for Boys",en,"Snell, Roy J. (Roy Judson), 1878-1959",Mystery and detective stories; Chinese -- Juvenile fiction; Airplanes -- Juvenile fiction; Baseball stories; Laboratories -- Juvenile fiction,PZ,"Category: Children & Young Adult Reading; Category: Crime, Thrillers and Mystery; Category: Adventure",243
43917,Text,2013-10-09,The Motor Rangers Through the Sierras,en,"Goldfrap, John Henry, 1879-1917",Mystery and detective stories; Automobile travel -- Juvenile fiction; Sierra Nevada (Calif. and Nev.) -- Juvenile fiction; Outlaws -- Juvenile fiction; Sapphires -- Juvenile fiction,PZ,Category: Children & Young Adult Reading; Category: Adventure; Category: Novels,340
44062,Text,2013-10-29,"The Crystal Ball A Mystery Story for Girls",en,"Snell, Roy J. (Roy Judson), 1878-1959",Mystery and detective stories; Artists -- Juvenile fiction; Romanies -- Juvenile fiction; Chicago (Ill.) -- Description and travel -- Juvenile fiction; Crystal gazing -- Juvenile fiction,PZ,"Category: Children & Young Adult Reading; Category: Crime, Thrillers and Mystery; Category: Adventure; Category: Novels",309
44111,Text,2013-11-05,"Red Dynamite A Mystery Story for Boys",en,"Snell, Roy J. (Roy Judson), 1878-1959",Friendship -- Juvenile fiction; Mystery and detective stories; Teamwork (Sports) -- Juvenile fiction; Football stories,PZ,"Category: Crime, Thrillers and Mystery; Category: Adventure; Category: Novels",239
44227,Text,2013-11-18,The Flying Reporter,en,"Theiss, Lewis E. (Lewis Edwin), 1878-1963",Mystery and detective stories; Air pilots -- Juvenile fiction; Reporters and reporting -- Juvenile fiction,PZ,Category: Adventure; Category: Novels; Category: American Literature,266
44294,Text,2013-11-27,The phantom violin,en,"Snell, Roy J. (Roy Judson), 1878-1959","Mystery and detective stories; Shipwrecks -- Juvenile fiction; Deep diving -- Juvenile fiction; Robinsonades; Salvage -- Juvenile fiction; Superior, Lake -- Description and travel -- Juvenile fiction",PZ,"Category: Children & Young Adult Reading; Category: Crime, Thrillers and Mystery; Category: Adventure",216
44299,Text,2013-11-27,"Hour of Enchantment A Mystery Story for Girls",en,"Snell, Roy J. (Roy Judson), 1878-1959",Mystery and detective stories; Motion picture industry -- Juvenile fiction; Chinese -- Juvenile fiction; Fairs -- Juvenile fiction,PZ,"Category: Crime, Thrillers and Mystery; Category: Adventure; Category: Novels",276
44352,Text,2013-12-05,"The Shadow Passes A Mystery Story for Boys",en,"Snell, Roy J. (Roy Judson), 1878-1959",Sea stories; Fishing -- Juvenile fiction; Mystery and detective stories; Chinese -- Juvenile fiction; Fishing boats -- Juvenile fiction,PZ,"Category: Children & Young Adult Reading; Category: Crime, Thrillers and Mystery; Category: Adventure",246
44353,Text,2013-12-05,"A Ticket to Adventure A Mystery Story for Girls",en,"Snell, Roy J. (Roy Judson), 1878-1959",Missing persons -- Juvenile fiction; Young women -- Juvenile fiction; Mystery and detective stories; Alaska -- Juvenile fiction; Grandfathers -- Juvenile fiction,PZ,"Category: Children & Young Adult Reading; Category: Crime, Thrillers and Mystery; Category: Adventure",285
44401,Text,2013-12-09,The Phantom Yacht,en,"Norton, Carol, 1876-; Curley, D. [Illustrator]",Friendship -- Juvenile fiction; Mystery and detective stories; Boats and boating -- Juvenile fiction; Ghosts -- Juvenile fiction,PZ,"Category: Children & Young Adult Reading; Category: Crime, Thrillers and Mystery; Category: Adventure",560
44670,Text,2014-01-15,Dorothy Dixon and the Double Cousin,en,"Wayne, Dorothy, 1884-",Mystery and detective stories; Cousins -- Juvenile fiction; Spies -- Juvenile fiction; Women air pilots -- Juvenile fiction; Women detectives -- Juvenile fiction; Mistaken identity -- Juvenile fiction,PZ,"Category: Crime, Thrillers and Mystery; Category: Novels",340
44693,Text,2014-01-18,The Adventure Girls at K Bar O,en,"Blank, Clair, 1915-1965",Mystery and detective stories; Ranches -- Juvenile fiction; Ranch life -- Juvenile fiction; Women college students -- Juvenile fiction,PZ,Category: Children & Young Adult Reading; Category: Adventure; Category: Novels,393
44782,Text,2014-01-28,Dorothy Dixon and the Mystery Plane,en,"Wayne, Dorothy, 1884-",Mystery and detective stories; Boats and boating -- Juvenile fiction; Smuggling -- Juvenile fiction; Women detectives -- Juvenile fiction; Gangsters -- Juvenile fiction,PZ,"Category: Crime, Thrillers and Mystery; Category: Adventure; Category: Novels",254
44788,Text,2014-01-29,"The Motor Boys Afloat; or, The Stirring Cruise of the Dartaway",en,"Young, Clarence; Nuttall, Charles, 1872-1934 [Illustrator]",Kidnapping -- Juvenile fiction; Caves -- Juvenile fiction; Mystery and detective stories; Motorboats -- Juvenile fiction; Thieves -- Juvenile fiction,PZ,Category: Children & Young Adult Reading; Category: Adventure; Category: Novels,263
44824,Text,2014-02-02,"Sign of the Green Arrow A Mystery Story",en,"Snell, Roy J. (Roy Judson), 1878-1959",Sea stories; Mystery and detective stories; Submarines (Ships) -- Juvenile fiction; Spies -- Juvenile fiction,PZ,"Category: Crime, Thrillers and Mystery; Category: Adventure; Category: Novels",251
44862,Text,2014-02-09,"Linda Carlton, Air Pilot",en,"Lavell, Edith","Adventure stories; Family -- Juvenile fiction; Mystery and detective stories; Best friends -- Juvenile fiction; Young women -- Social life and customs -- Juvenile fiction; Women air pilots -- Juvenile fiction; Carlton, Linda (Fictitious character) -- Juvenile fiction",PZ,Category: Children & Young Adult Reading; Category: Adventure; Category: Novels,269
44873,Text,2014-02-11,"Third Warning A Mystery Story for Girls",en,"Snell, Roy J. (Roy Judson), 1878-1959","Mystery and detective stories; Motorboats -- Juvenile fiction; Superior, Lake -- Juvenile fiction; Isle Royale (Mich.) -- Juvenile fiction",PZ,"Category: Crime, Thrillers and Mystery; Category: Adventure",236
45174,Text,2014-03-19,Dorothy Dixon Wins Her Wings,en,"Wayne, Dorothy, 1884-",Mystery and detective stories; Boats and boating -- Juvenile fiction; Women air pilots -- Juvenile fiction; Women detectives -- Juvenile fiction; Gangsters -- Juvenile fiction; New Canaan (Conn.) -- Juvenile fiction,PZ,Category: Children & Young Adult Reading; Category: Romance; Category: Adventure; Category: Novels,230
45260,Text,2014-03-29,"Doris Force at Locked Gates; Or, Saving a Mysterious Fortune",en,"Duncan, Julia K.",Mystery and detective stories; Fraud -- Juvenile fiction; Swindlers and swindling -- Juvenile fiction,PZ,"Category: Children & Young Adult Reading; Category: Crime, Thrillers and Mystery; Category: Novels",322
45262,Text,2014-03-31,The Bungalow Boys in the Great Northwest,en,"Goldfrap, John Henry, 1879-1917","Mystery and detective stories; Inventions -- Juvenile fiction; Smugglers -- Juvenile fiction; Northwest, Pacific -- Juvenile fiction",PZ,Category: Adventure; Category: Novels,272
45343,Text,2014-04-07,The Adventure Girls at Happiness House,en,"Blank, Clair, 1915-1965",Adventure stories; Mystery and detective stories; College stories; Women college students -- Juvenile fiction,PZ,"Category: Children & Young Adult Reading; Category: Crime, Thrillers and Mystery; Category: Adventure; Category: Novels",302
45417,Text,2014-04-21,Dorothy Dixon Solves the Conway Case,en,"Wayne, Dorothy, 1884-",Mystery and detective stories; Women air pilots -- Juvenile fiction; Women detectives -- Juvenile fiction; Gangsters -- Juvenile fiction; New Canaan (Conn.) -- Juvenile fiction; Books -- Juvenile fiction,PZ,"Category: Crime, Thrillers and Mystery; Category: Adventure; Category: Novels",242
45457,Text,2014-04-22,Linda Carlton's Island Adventure,en,"Lavell, Edith","Adventure stories; Mystery and detective stories; Robinsonades; Young women -- Social life and customs -- Juvenile fiction; Women air pilots -- Juvenile fiction; Cuba -- Description and travel -- Juvenile fiction; Carlton, Linda (Fictitious character) -- Juvenile fiction",PZ,Category: Adventure; Category: Novels,227
45530,Text,2014-04-29,The Secret of Steeple Rocks,en,"Grove, Harriet Pyne",Orphans -- Juvenile fiction; Adventure stories; Siblings -- Juvenile fiction; Mystery and detective stories; Maine -- Juvenile fiction; Illegal immigration -- Juvenile fiction; Smugglers -- Juvenile fiction; Prohibition -- Juvenile fiction; Immigrants -- Juvenile fiction; Marine caves -- Juvenile fiction,PZ,Category: Adventure; Category: Novels,264
45547,Text,2014-05-01,Hal Kenyon Disappears,en,"Stuart, Gordon (Adventure story writer)",Boy Scouts -- Juvenile fiction; Mystery and detective stories; Missing children -- Juvenile fiction; Aeronautics -- Juvenile fiction; Airplanes -- Juvenile fiction,PZ,Category: Children & Young Adult Reading; Category: Adventure; Category: Novels,252
45557,Text,2014-05-01,Green Eyes,en,"Snell, Roy J. (Roy Judson), 1878-1959","Treasure troves -- Juvenile fiction; Mystery and detective stories; Romanies -- Juvenile fiction; Women detectives -- Juvenile fiction; Huron, Lake (Mich. and Ont.) -- Description and travel -- Juvenile fiction",PZ,"Category: Children & Young Adult Reading; Category: Crime, Thrillers and Mystery; Category: Novels",283
45576,Text,2014-05-03,"The Motor Boys Over the Rockies; Or, A Mystery of the Air",en,"Young, Clarence",Indians of North America -- Juvenile fiction; Gold mines and mining -- Juvenile fiction; Rocky Mountains -- Juvenile fiction; Mystery and detective stories; Airships -- Juvenile fiction; Aeronautics -- Juvenile fiction; Rocky Mountains -- Description and travel -- Juvenile fiction,PZ,"Category: Children & Young Adult Reading; Category: Crime, Thrillers and Mystery; Category: Adventure; Category: Novels; Category: American Literature",311
46178,Text,2014-07-02,Flower of the Gorse,en,"Tracy, Louis, 1863-1928",Mystery and detective stories; Brittany (France) -- Fiction,PR,Category: Novels,292
46375,Text,2014-07-22,The Phantom Treasure,en,"Grove, Harriet Pyne",Family -- Juvenile fiction; Mystery and detective stories; New York (State) -- Juvenile fiction; Hiding places -- Juvenile fiction; Mothers -- Juvenile fiction; Identity (Philosophical concept) -- Juvenile fiction; Haunted houses -- Juvenile fiction,PZ,Category: Children & Young Adult Reading; Category: Novels,258
46623,Text,2014-08-19,"At War with Society; or, Tales of the Outcasts",en,"M'Levy, James",Fiction; Mystery and detective stories,PR,"Category: Short Stories; Category: Crime, Thrillers and Mystery",316
46814,Text,2014-09-09,"Gypsy Flight A Mystery Story for Girls",en,"Snell, Roy J. (Roy Judson), 1878-1959",Mystery and detective stories; Romanies -- Juvenile fiction; Airplanes -- Juvenile fiction; Flight attendants -- Juvenile fiction,PZ,"Category: Children & Young Adult Reading; Category: Crime, Thrillers and Mystery; Category: Adventure; Category: Novels",260
46850,Text,2014-09-14,"The Motor Boys on the Wing; Or, Seeking the Airship Treasure",en,"Young, Clarence",Mystery and detective stories; Airships -- Juvenile fiction; Aeronautics -- Juvenile fiction; Bank robberies -- Juvenile fiction,PZ,Category: Children & Young Adult Reading; Category: Adventure; Category: Novels,3229
47023,Text,2014-10-02,"The Putnam Hall Champions; or, Bound to Win Out",en,"Stratemeyer, Edward, 1862-1930",School sports -- Juvenile fiction; Adventure and adventurers -- Juvenile fiction; Mystery and detective stories; New York (State) -- Juvenile fiction; Military education -- Juvenile fiction; Military cadets -- Juvenile fiction; Yacht racing -- Juvenile fiction; Sports -- Corrupt practices -- Juvenile fiction,PZ,Category: Children & Young Adult Reading; Category: Adventure; Category: Novels,269
47417,Text,2014-11-22,"The Motor Boys After a Fortune; or, The Hut on Snake Island",en,"Young, Clarence",Rescues -- Juvenile fiction; Mystery and detective stories; Aeronautics -- Juvenile fiction; Colorado River (Colo.-Mexico) -- Juvenile fiction; Radium -- Juvenile fiction,PZ,Category: Children & Young Adult Reading; Category: Adventure; Category: Novels,247
47553,Text,2014-12-06,"Bobby Blake on a Plantation; Or, Lost in the Great Swamp",en,"Warner, Frank A.; Rogers, Walter S. (Walter Stanton), 1870-1937 [Illustrator]",Mystery and detective stories; Missing children -- Juvenile fiction; Swamps -- Juvenile fiction; Plantations -- Louisiana -- Juvenile fiction,PZ,Category: Children & Young Adult Reading; Category: Adventure; Category: Novels,287
47562,Text,2014-12-07,"The Putnam Hall Encampment; or, The Secret of the Old Mill",en,"Stratemeyer, Edward, 1862-1930; Nuttall, Charles, 1872-1934 [Illustrator]",Schools -- Juvenile fiction; Camping -- Juvenile fiction; Mystery and detective stories; Military education -- Juvenile fiction,PZ,Category: Children & Young Adult Reading; Category: Adventure; Category: Novels,234
47613,Text,2014-12-10,The Mystery Hunters at the Haunted Lodge,en,"Wyckoff, Capwell, 1903-1953",Kidnapping -- Juvenile fiction; Mystery and detective stories; Ghosts -- Juvenile fiction; Haunted houses -- Juvenile fiction,PZ,"Category: Children & Young Adult Reading; Category: Crime, Thrillers and Mystery; Category: Adventure; Category: Novels",292
47633,Text,2014-12-11,Copper Coleson's Ghost,en,"Hendrick, Edward P.; Cue, Harold James, 1887-1961 [Illustrator]",Ghost stories; Adventure stories; Boys -- Juvenile fiction; Mystery and detective stories; Smuggling -- Juvenile fiction; Smugglers -- Juvenile fiction; Haunted houses -- Juvenile fiction; Apparitions -- Juvenile fiction; Mining camps -- Juvenile fiction,PZ,Category: Children & Young Adult Reading; Category: Adventure; Category: Novels,205
47646,Text,2014-12-12,Joan of the Journal,en,"Olds, Helen Diehl, 1895-1981; Beebe, Robb, 1891-1966 [Illustrator]",Mystery and detective stories; Newspaper publishing -- Juvenile fiction; Women authors -- Juvenile fiction; Deaf -- Juvenile fiction,PZ,Category: Children & Young Adult Reading; Category: Novels; Category: American Literature,429
48164,Text,2015-02-05,The Boy Scouts of the Life Saving Crew,en,"Shaler, Robert",Rescues -- Juvenile fiction; Mystery and detective stories; United States -- Juvenile fiction; Boy Scouts of America -- Juvenile fiction; Lifesaving -- Juvenile fiction; Florida -- Juvenile fiction,PZ,Category: Children & Young Adult Reading; Category: Adventure; Category: Novels,265
48270,Text,2015-02-15,The Motor Rangers' Cloud Cruiser,en,"Goldfrap, John Henry, 1879-1917; Wrenn, Charles L. (Charles Lewis), 1880-1952 [Illustrator]",Islands -- Juvenile fiction; Mystery and detective stories; Airships -- Juvenile fiction; Boats and boating -- Juvenile fiction,PZ,Category: Adventure; Category: Novels,279
48410,Text,2015-03-05,The Boy Scouts of the Naval Reserve,en,"Shaler, Robert",Mystery and detective stories; Boy Scouts of America -- Juvenile fiction; United States. Naval Reserve -- Juvenile fiction,PZ,Category: Children & Young Adult Reading; Category: Adventure; Category: Novels,253
48467,Text,2015-03-12,Boys of Oakdale Academy,en,"Scott, Morgan; Lewis, Martin, 1881-1962 [Illustrator]",Dogs -- Juvenile fiction; Schools -- Juvenile fiction; Rescues -- Juvenile fiction; Mystery and detective stories; Skating -- Juvenile fiction,PZ,Category: Children & Young Adult Reading; Category: Novels,242
48478,Text,2015-03-13,Linda Carlton's Ocean Flight,en,"Lavell, Edith","Adventure stories; Mystery and detective stories; Young women -- Social life and customs -- Juvenile fiction; Women air pilots -- Juvenile fiction; Competition -- Juvenile fiction; Carlton, Linda (Fictitious character) -- Juvenile fiction",PZ,Category: Adventure; Category: Novels,238
48948,Text,2015-05-13,The Boy Scouts in the Great Flood,en,"Shaler, Robert",Mystery and detective stories; Boy Scouts of America -- Juvenile fiction; Floods -- Juvenile fiction,PZ,Category: Children & Young Adult Reading; Category: Adventure; Category: Novels,267
48999,Text,2015-05-19,The Boy Scouts of the Signal Corps,en,"Shaler, Robert",Mystery and detective stories; Boy Scouts of America -- Juvenile fiction; United States. Army. Signal Corps -- Juvenile fiction,PZ,Category: Children & Young Adult Reading; Category: Adventure; Category: Novels,214
49269,Text,2015-06-24,The Boy Scouts in the Saddle,en,"Shaler, Robert",Mystery and detective stories; Boy Scouts of America -- Juvenile fiction; Horsemanship -- Juvenile fiction,PZ,Category: Children & Young Adult Reading; Category: Adventure; Category: Novels,198
49338,Text,2015-07-01,The Boy Scouts for City Improvement,en,"Shaler, Robert",Mystery and detective stories; Boy Scouts of America -- Juvenile fiction; Civic improvement -- Juvenile fiction; Urban beautification -- Juvenile fiction,PZ,Category: Children & Young Adult Reading; Category: Adventure,272
49363,Text,2015-07-05,Oakdale Boys in Camp,en,"Scott, Morgan; Lewis, Martin, 1881-1962 [Illustrator]",Camping -- Juvenile fiction; Mystery and detective stories; Ghosts -- Juvenile fiction,PZ,Category: Children & Young Adult Reading; Category: Adventure; Category: Novels; Category: American Literature,241
49416,Text,2015-07-11,"The Airship Boys' Ocean Flyer; Or, New York to London in Twelve Hours",en,"Sayler, H. L. (Harry Lincoln), 1863-1913; Riesenberg, Sidney H., 1885-1971 [Illustrator]",Mystery and detective stories; Airships -- Juvenile fiction; Aeronautics -- Juvenile fiction,PZ,Category: Adventure; Category: Novels,272
49676,Text,2015-08-11,The Boy Scouts of the Field Hospital,en,"Shaler, Robert",Strikes and lockouts -- Juvenile fiction; Mystery and detective stories; Boy Scouts of America -- Juvenile fiction; First aid in illness and injury -- Juvenile fiction; Military hospitals -- Juvenile fiction,PZ,Category: Children & Young Adult Reading; Category: Adventure; Category: Novels,256
49798,Text,2015-08-28,The Boy Scouts as County Fair Guides,en,"Shaler, Robert",Boy Scouts -- Juvenile fiction; Mystery and detective stories; Fairs -- Juvenile fiction,PZ,Category: Children & Young Adult Reading; Category: Adventure,231
49799,Text,2015-08-28,The Boy Scouts with the Red Cross,en,"Shaler, Robert",Strikes and lockouts -- Juvenile fiction; Mystery and detective stories; Red Cross and Red Crescent -- Juvenile fiction; Boy Scouts of America -- Juvenile fiction,PZ,Category: Children & Young Adult Reading; Category: Adventure; Category: Novels,261
49967,Text,2015-09-14,The Boy Scouts as Forest Fire Fighters,en,"Shaler, Robert",Mystery and detective stories; Boy Scouts of America -- Juvenile fiction; Forest fires -- Juvenile fiction,PZ,Category: Children & Young Adult Reading; Category: Adventure; Category: Novels,205
49983,Text,2015-09-15,The Boy Scouts on the Roll of Honor,en,"Shaler, Robert",Mystery and detective stories; Boy Scouts of America -- Juvenile fiction; Thanksgiving Day -- Juvenile fiction; Lumber camps -- Juvenile fiction,PZ,Category: Children & Young Adult Reading; Category: Adventure; Category: Novels,226
50037,Text,2015-09-22,Wyllard's Weird: A Novel,en,"Braddon, M. E. (Mary Elizabeth), 1835-1915",Murder -- Fiction; Mystery and detective stories,PR,"Category: Crime, Thrillers and Mystery; Category: Novels; Category: British Literature",422
50051,Text,2015-09-25,"The Motor Boys on Road and River; Or, Racing To Save a Life",en,"Young, Clarence; Rogers, Walter S. (Walter Stanton), 1870-1937 [Illustrator]",Missing persons -- Juvenile fiction; Mystery and detective stories; Fraud -- Juvenile fiction; Automobiles -- Juvenile fiction; Travel -- Juvenile fiction; Motorboats -- Juvenile fiction,PZ,Category: Children & Young Adult Reading; Category: Adventure; Category: Novels,254
50165,Text,2015-10-09,"The Flying Machine Boys on Duty; Or, The Clue Above the Clouds",en,"Walton, Frank; Davis, J. Watson, 1870-1959 [Illustrator]",Mystery and detective stories; Aeronautics -- Juvenile fiction,PZ,"Category: Children & Young Adult Reading; Category: Crime, Thrillers and Mystery; Category: Adventure; Category: Novels; Category: American Literature",245
50192,Text,2015-10-13,The Boy Scouts for Home Protection,en,"Shaler, Robert",Mystery and detective stories; Boy Scouts of America -- Juvenile fiction; Civic improvement -- Juvenile fiction,PZ,Category: Children & Young Adult Reading; Category: Adventure,260
50224,Text,2015-10-15,The Boy Scouts at Mobilization Camp,en,"Shaler, Robert",Mystery and detective stories; Boy Scouts of America -- Juvenile fiction; United States. Army -- Juvenile fiction,PZ,Category: Children & Young Adult Reading; Category: Adventure; Category: Novels,228
50287,Text,2015-10-23,"The Flying Machine Boys in the Wilds; Or, The Mystery of the Andes",en,"Walton, Frank; Davis, J. Watson, 1870-1959 [Illustrator]",Mystery and detective stories; Aeronautics -- Juvenile fiction; Murder -- Juvenile fiction; Andes -- Juvenile fiction; Embezzlement -- Juvenile fiction,PZ,Category: Adventure; Category: Novels,237
50792,Text,2015-12-30,The Great Oakdale Mystery,en,"Scott, Morgan; Wrenn, Charles L. (Charles Lewis), 1880-1952 [Illustrator]",Mystery and detective stories; Bank robberies -- Juvenile fiction,PZ,"Category: Crime, Thrillers and Mystery; Category: Adventure; Category: Novels",316
50824,Text,2016-01-01,"The Flying Machine Boys on Secret Service; Or, The Capture in the Air",en,"Walton, Frank; Davis, J. Watson, 1870-1959 [Illustrator]",Kidnapping -- Juvenile fiction; Mystery and detective stories; Aeronautics -- Juvenile fiction; Smugglers -- Juvenile fiction,PZ,"Category: Children & Young Adult Reading; Category: Crime, Thrillers and Mystery; Category: Adventure",290
52153,Text,2016-05-24,"The Motor Boys on a Ranch; or, Ned, Bob and Jerry Among the Cowboys",en,"Young, Clarence; Owen, Robert Emmett, 1878-1957 [Illustrator]",Mystery and detective stories; Automobiles -- Juvenile fiction; Ranches -- Juvenile fiction; Cowboys -- Juvenile fiction; Cattle stealing -- Juvenile fiction,PZ,Category: Children & Young Adult Reading; Category: Adventure; Category: Novels,245
52394,Text,2016-06-23,The Banner Boy Scouts in the Air,en,"Warren, George A.",Boy Scouts -- Juvenile fiction; Mystery and detective stories; Aeronautics -- Juvenile fiction; Smugglers -- Juvenile fiction,PZ,Category: Children & Young Adult Reading; Category: Adventure; Category: Novels,227
52702,Text,2016-08-02,Mrs Peixada,en,"Harland, Henry, 1861-1905",Legal stories; Mystery and detective stories; Jews -- Fiction,PS,"Category: Crime, Thrillers and Mystery; Category: Novels",328
53085,Text,2016-09-18,The Nine of Hearts: A Novel,en,"Farjeon, B. L. (Benjamin Leopold), 1833-1903",London (England) -- Fiction; English fiction -- 19th century; Trials (Murder) -- Fiction; Mystery and detective stories,PR,"Category: Crime, Thrillers and Mystery; Category: Novels; Category: British Literature",258
53196,Text,2016-10-02,Annabel: A Novel for Young Folks,en,"Baum, L. Frank (Lyman Frank), 1856-1919; Hall, H. Putnam [Illustrator]",Family -- Juvenile fiction; Mystery and detective stories; Fraud -- Juvenile fiction; Young women -- Social life and customs -- Juvenile fiction,PZ,Category: Children & Young Adult Reading; Category: Novels,293
53337,Text,2016-12-21,Linda Carlton's Hollywood Flight,en,"Lavell, Edith","Adventure stories; Mystery and detective stories; Motion picture industry -- Juvenile fiction; Young women -- Social life and customs -- Juvenile fiction; Women air pilots -- Juvenile fiction; Hollywood (Los Angeles, Calif.) -- Juvenile fiction; Carlton, Linda (Fictitious character) -- Juvenile fiction",PZ,Category: Children & Young Adult Reading; Category: Adventure; Category: Novels,253
53407,Text,2016-10-30,"Dave Porter's Return to School; Or, Winning the Medal of Honor",en,"Stratemeyer, Edward, 1862-1930; Nuttall, Charles, 1872-1934 [Illustrator]",Schools -- Juvenile fiction; Mystery and detective stories; Gambling -- Juvenile fiction; Teamwork (Sports) -- Juvenile fiction; Sportsmanship -- Juvenile fiction,PZ,Category: Children & Young Adult Reading; Category: Novels,274
53735,Text,2016-12-15,The Daring Twins: A Story for Young Folk,en,"Baum, L. Frank (Lyman Frank), 1856-1919; Adams, Pauline Batchelder, 1885-1974 [Illustrator]",Orphans -- Juvenile fiction; Twins -- Juvenile fiction; Mystery and detective stories; Fraud -- Juvenile fiction,PZ,Category: Children & Young Adult Reading; Category: Novels,335
54147,Text,2017-02-10,Dorothy Dale and Her Chums,en,"Penrose, Margaret; Nuttall, Charles, 1872-1934 [Illustrator]",Schools -- Juvenile fiction; Friendship -- Juvenile fiction; Mystery and detective stories; Thieves -- Juvenile fiction; Romanies -- Juvenile fiction; Boarding school students -- Juvenile fiction; Girls -- Social life and customs -- Juvenile fiction,PZ,Category: Children & Young Adult Reading; Category: Adventure; Category: Novels,236
54273,Text,2017-03-03,Locked Doors,en,"Rinehart, Mary Roberts, 1876-1958",Detective and mystery stories; Nurses -- Fiction; Women detectives -- Fiction,PS,"Category: Crime, Thrillers and Mystery; Category: Novels",363
54529,Text,2017-04-10,Phoebe Daring: A Story for Young Folk,en,"Baum, L. Frank (Lyman Frank), 1856-1919; Nuyttens, Josef Pierre, 1885-1960 [Illustrator]",Orphans -- Juvenile fiction; Mystery and detective stories; Theft -- Juvenile fiction,PZ,Category: Children & Young Adult Reading; Category: Novels,304
54826,Text,2017-06-02,The Mystery at Camp Lenape,en,"Saxon, Carl",Camps -- Juvenile fiction; Mystery and detective stories,PZ,"Category: Children & Young Adult Reading; Category: Crime, Thrillers and Mystery; Category: Adventure",291
54971,Text,2017-06-24,The S. P. Mystery,en,"Grove, Harriet Pyne",Camping -- Juvenile fiction; Girls -- Societies and clubs -- Juvenile fiction; Mystery and detective stories; Competition -- Juvenile fiction; Reunions -- Juvenile fiction; Amnesia -- Juvenile fiction; Bird watching -- Juvenile fiction,PZ,Category: Children & Young Adult Reading; Category: Adventure; Category: Novels,225
54979,Text,2017-06-25,The Yellow Holly,en,"Hume, Fergus, 1859-1932",Inheritance and succession -- Fiction; Murder -- Investigation -- Fiction; Mystery and detective stories; Boardinghouses -- Fiction,PR,"Category: Crime, Thrillers and Mystery; Category: Novels",277
55243,Text,2017-08-02,"The Puzzle in the Pond A Judy Bolton Mystery",en,"Sutton, Margaret, 1903-2001","Orphans -- Juvenile fiction; Mystery and detective stories; Ghosts -- Juvenile fiction; Women detectives -- Juvenile fiction; Bolton, Judy (Fictitious character) -- Juvenile fiction",PZ,"Category: Children & Young Adult Reading; Category: Crime, Thrillers and Mystery; Category: Novels",295
55305,Text,2017-08-08,The Black Patch,en,"Hume, Fergus, 1859-1932",England -- Fiction; Murder -- Investigation -- Fiction; Mystery and detective stories,PR,"Category: Crime, Thrillers and Mystery; Category: Novels",297
55309,Text,2017-08-09,The Crimson Cryptogram: A Detective Story,en,"Hume, Fergus, 1859-1932",England -- Fiction; Murder -- Investigation -- Fiction; Mystery and detective stories,PR,"Category: Crime, Thrillers and Mystery; Category: Novels",352
55335,Text,2017-08-11,The Mercer Boys' Cruise in the Lassie,en,"Wyckoff, Capwell, 1903-1953",Sailing -- Juvenile fiction; Mystery and detective stories; Outlaws -- Juvenile fiction,PZ,Category: Children & Young Adult Reading; Category: Adventure; Category: Novels,356
55689,Text,2017-10-07,The Clock Struck One,en,"Hume, Fergus, 1859-1932",England -- Fiction; Murder -- Investigation -- Fiction; Mystery and detective stories,PR,"Category: Romance; Category: Crime, Thrillers and Mystery; Category: Novels; Category: British Literature",235
55907,Text,2017-11-07,"The Golden Circle A Mystery Story for Girls",en,"Snell, Roy J. (Roy Judson), 1878-1959",Friendship -- Juvenile fiction; Mystery and detective stories; Auctions -- Juvenile fiction; Women dancers -- Juvenile fiction,PZ,"Category: Children & Young Adult Reading; Category: Crime, Thrillers and Mystery; Category: Novels; Category: American Literature",226
55947,Text,2017-11-12,"Dean Dunham; Or, the Waterford Mystery",en,"Alger, Horatio, Jr., 1832-1899",Boys -- Juvenile fiction; Mystery and detective stories,PZ,"Category: Crime, Thrillers and Mystery; Category: Adventure; Category: Novels; Category: American Literature",322
56743,Text,2018-03-16,"Larry Dexter and the Stolen Boy; or, A Young Reporter on the Lakes",en,"Garis, Howard Roger, 1873-1962",Kidnapping -- Juvenile fiction; Mystery and detective stories; Reporters and reporting -- Juvenile fiction,PZ,"Category: Children & Young Adult Reading; Category: Crime, Thrillers and Mystery; Category: Adventure; Category: Novels",198
56894,Text,2018-04-02,Nancy Brandon's Mystery,en,"Garis, Lilian, 1873-1954",Mystery and detective stories; Character -- Juvenile fiction; Interpersonal relations -- Juvenile fiction; Identity (Philosophical concept) -- Juvenile fiction; Aversion -- Juvenile fiction,PZ,Category: Children & Young Adult Reading; Category: Novels,265
57100,Text,2018-05-06,The Clue of the Gold Coin,en,"Wells, Helen, 1910-1986","Mystery and detective stories; Swindlers and swindling -- Juvenile fiction; Flight attendants -- Juvenile fiction; Women detectives -- Juvenile fiction; Barr, Vicki (Fictitious character) -- Juvenile fiction; Tampa (Fla.) -- Description and travel -- Juvenile fiction",PZ,"Category: Crime, Thrillers and Mystery; Category: Adventure; Category: Novels; Category: American Literature",270
57101,Text,2018-05-06,Mary Louise at Dorfield,en,"Sampson, Emma Speed, 1868-1947; Evers, Maude Martin [Illustrator]",Friendship -- Juvenile fiction; Weddings -- Juvenile fiction; Young women -- Juvenile fiction; Mystery and detective stories; Theft -- Juvenile fiction; United States -- Social life and customs -- 20th century -- Juvenile fiction,PZ,Category: Novels; Category: American Literature,260
57171,Text,2018-05-16,"The Camp Fire Girls; Or, The Secret of an Old Mill",en,"Garis, Howard Roger, 1873-1962; Cluff, Warren Y. [Illustrator]",Camp Fire Girls -- Juvenile fiction; Mystery and detective stories; Haunted places -- Juvenile fiction,PZ,Category: Children & Young Adult Reading; Category: Adventure; Category: Novels,170
57311,Text,2018-06-12,The Heart of a Mystery,en,"Speight, T. W. (Thomas Wilkinson), 1830-1915",English fiction -- 19th century; Mystery and detective stories,PR,"Category: Crime, Thrillers and Mystery; Category: Novels; Category: British Literature",225
57509,Text,2018-07-15,The Mercer Boys at Woodcrest,en,"Wyckoff, Capwell, 1903-1953",Schools -- Juvenile fiction; Kidnapping -- Juvenile fiction; Brothers -- Juvenile fiction; Mystery and detective stories; Military education -- Juvenile fiction; Art thieves -- Juvenile fiction; Military cadets -- Juvenile fiction; Male friendship -- Juvenile fiction,PZ,"Category: Children & Young Adult Reading; Category: Crime, Thrillers and Mystery; Category: Novels",282
57816,Text,2018-08-30,Jet Plane Mystery,en,"Snell, Roy J. (Roy Judson), 1878-1959","War stories; Mystery and detective stories; World War, 1939-1945 -- Juvenile fiction; Jet planes -- Juvenile fiction",PZ,Category: Adventure; Category: Novels; Category: History - Warfare,212
57996,Text,2018-10-01,Grace Harlowe's Overland Riders in the Yellowstone National Park,en,"Chase, Josephine, -1931",Western stories; Adventure stories; Bears -- Juvenile fiction; Mystery and detective stories; Thieves -- Juvenile fiction; Brigands and robbers -- Juvenile fiction; Wyoming -- Juvenile fiction; Cowgirls -- Juvenile fiction; Yellowstone National Park -- Juvenile fiction; Horse stealing -- Juvenile fiction; Geysers -- Juvenile fiction,PZ,Category: Children & Young Adult Reading; Category: Adventure; Category: Novels,184
58513,Text,2018-12-22,Mary Louise Adopts a Soldier,en,"Baum, L. Frank (Lyman Frank), 1856-1919; Sampson, Emma Speed, 1868-1947; Wyckoff, Joseph W., 1883- [Illustrator]","Humanitarianism -- Juvenile fiction; Mystery and detective stories; World War, 1914-1918 -- Juvenile fiction; Brigands and robbers -- Juvenile fiction; Mistaken identity -- Juvenile fiction",PZ,Category: Novels; Category: American Literature,244
58514,Text,2018-12-22,The Green Tent Mystery at Sugar Creek,en,"Hutchens, Paul, 1902-1977",Christian life -- Juvenile fiction; Mystery and detective stories,PZ,"Category: Children & Young Adult Reading; Category: Crime, Thrillers and Mystery; Category: Adventure",252
58718,Text,2019-01-18,"Bobby Blake in the Frozen North; Or, The Old Eskimo's Last Message",en,"Warner, Frank A.; Rogers, Walter S. (Walter Stanton), 1870-1937 [Illustrator]",Treasure troves -- Juvenile fiction; Eskimos -- Juvenile fiction; Arctic regions -- Juvenile fiction; Mystery and detective stories,PZ,Category: Children & Young Adult Reading; Category: Adventure,260
59340,Text,2019-04-24,"The Motor Boys on Thunder Mountain; Or, The Treasure Chest of Blue Rock",en,"Young, Clarence; Rogers, Walter S. (Walter Stanton), 1870-1937 [Illustrator]",Gold mines and mining -- Juvenile fiction; Mystery and detective stories; Mountains -- Juvenile fiction; Automobiles -- Juvenile literature; Automobile travel -- Juvenile fiction; Montana -- Juvenile fiction,PZ,Category: Children & Young Adult Reading; Category: Adventure; Category: Novels,292
59434,Text,2019-05-04,Tracked by Wireless,en,"Le Queux, William, 1864-1927",Mystery and detective stories; Radio -- Fiction,PR,"Category: Crime, Thrillers and Mystery; Category: Novels",357
59601,Text,2019-05-25,Mary Louise Stands the Test,en,"Sampson, Emma Speed, 1868-1947; Armstrong, Harry W. (Harry Waters), 1883-1954 [Illustrator]",Treasure troves -- Juvenile fiction; Missing persons -- Juvenile fiction; Mystery and detective stories; Inheritance and succession -- Juvenile fiction; Families -- Juvenile fiction; Older men -- Juvenile fiction,PZ,Category: Novels; Category: American Literature,201
59771,Text,2019-06-17,The Black Police: A Story of Modern Australia,en,"Vogan, A. J. (Arthur James), 1859-1948",Mystery and detective stories; Police -- Australia -- Fiction,PR,Category: Historical Novels; Category: Adventure; Category: Novels,471
60211,Text,2019-09-01,"The Outdoor Girls Around the Campfire; or, The Old Maid of the Mountains",en,"Hope, Laura Lee",Adventure stories; Camping -- Juvenile fiction; Girls -- Juvenile fiction; Girls -- Societies and clubs -- Juvenile fiction; Humanitarianism -- Juvenile fiction; Mystery and detective stories; Boats and boating -- Juvenile fiction; Clubs -- Juvenile fiction; Hermits -- Juvenile fiction; Tents -- Juvenile fiction,PZ,Category: Children & Young Adult Reading; Category: Adventure; Category: Novels; Category: American Literature,243
60233,Text,2019-09-04,"The Gray Shadow A Mystery Story For Boys",en,"Snell, Roy J. (Roy Judson), 1878-1959",Detective and mystery stories; Mystery and detective stories; Thieves -- Juvenile fiction; Jewelry -- Juvenile fiction; Air mail service -- Juvenile fiction,PZ,"Category: Crime, Thrillers and Mystery; Category: Adventure; Category: Novels",268
60903,Text,2019-12-11,"The Bradys' Race for Life; or, Rounding Up a Tough Trio: A Detective Story of Life",en,"Doughty, Francis Worcester, 1850-1917",Mystery and detective stories; Dime novels; American fiction,PS,"Category: Crime, Thrillers and Mystery; Category: Novels; Category: American Literature",448
60974,Text,2019-12-20,Josie O'Gorman,en,"Sampson, Emma Speed, 1868-1947; Armstrong, Harry W. (Harry Waters), 1883-1954 [Illustrator]",Detective and mystery stories; Kidnapping -- Juvenile fiction; Young women -- Juvenile fiction; Women detectives -- Juvenile fiction,PZ,"Category: Children & Young Adult Reading; Category: Crime, Thrillers and Mystery; Category: Novels",261
61592,Text,2020-03-09,"The Radio Girls at Forest Lodge; or, The Strange Hut in the Swamp",en,"Penrose, Margaret",Adventure stories; Vacations -- Juvenile fiction; Mystery and detective stories; Radio -- Juvenile fiction; Forest fires -- Juvenile fiction,PZ,"Category: Children & Young Adult Reading; Category: Crime, Thrillers and Mystery; Category: Adventure",254
61877,Text,2020-04-20,Dangerous Dilemmas: Startling but True,en,"Peddie, James Anderson",Fiction; Short stories; Mystery and detective stories,PR,Category: Short Stories,284
62489,Text,2020-06-26,"The Corner House Girls Solve a Mystery What It Was, Where It Was, and Who Found It",en,"Hill, Grace Brooks; Gooch, Thelma, 1895-1973 [Illustrator]",Treasure troves -- Juvenile fiction; Mystery and detective stories; Sisters -- Juvenile fiction; Families -- Juvenile fiction; Chinese -- Juvenile fiction; Brigands and robbers -- Juvenile fiction; Alligators -- Juvenile fiction,PZ,"Category: Children & Young Adult Reading; Category: Crime, Thrillers and Mystery; Category: Novels",238
62824,Text,2020-08-02,When the Sea Gives Up Its Dead: A Thrilling Detective Story,en,"Corbett, George, Mrs., 1846-1930",Detective and mystery stories; Jewelry theft -- Fiction; Women detectives -- Fiction,PR,"Category: Crime, Thrillers and Mystery; Category: Novels; Category: British Literature",358
63407,Text,2020-10-08,Linda Carlton's Perilous Summer,en,"Lavell, Edith","Adventure stories; Mystery and detective stories; Women air pilots -- Juvenile fiction; Ghosts -- Juvenile fiction; Carlton, Linda (Fictitious character) -- Juvenile fiction",PZ,"Category: Children & Young Adult Reading; Category: Crime, Thrillers and Mystery; Category: Adventure; Category: Novels; Category: American Literature",250
64430,Text,2021-01-31,Josie O'Gorman and the Meddlesome Major,en,"Sampson, Emma Speed, 1868-1947; Mack, Isabel Bush [Illustrator]",Detective and mystery stories; Young women -- Juvenile fiction; Theft -- Juvenile fiction; Women detectives -- Juvenile fiction; Department stores -- Juvenile fiction,PZ,"Category: Crime, Thrillers and Mystery; Category: Novels",229
66171,Text,2021-08-30,"Oliver Bright's Search; or, The Mystery of a Mine",en,"Stratemeyer, Edward, 1862-1930",Western stories; Mystery and detective stories; Fraud -- Juvenile fiction; Mines and mineral resources -- Juvenile fiction; Father and child -- Juvenile fiction,PZ,Category: Children & Young Adult Reading; Category: Adventure; Category: Novels,323
66779,Text,2021-11-21,The Strange Likeness,en,"Grove, Harriet Pyne",Twins -- Juvenile fiction; Mystery and detective stories; Boarding school students -- Juvenile fiction; Mistaken identity -- Juvenile fiction; Vacations -- West (U.S.) -- Juvenile fiction; Chicago (Ill.) -- Social life and customs -- Juvenile fiction,PZ,Category: Children & Young Adult Reading; Category: Novels,251
67748,Text,2022-04-01,Scientific Sprague,en,"Lynde, Francis, 1856-1930; Shrader, E. Roscoe (Edwin Roscoe), 1879-1960 [Illustrator]",Mystery and detective stories; Railroad stories; American fiction -- 20th century,PS,"Category: Crime, Thrillers and Mystery; Category: Novels",245
68123,Text,2022-05-19,The chronicles of Michael Danevitch of the Russian Secret Service,en,"Donovan, Dick, 1843-1934","Short stories, English; Mystery and detective stories; Danevitch, Michael (Fictitious character) -- Fiction",PR,"Category: Short Stories; Category: Crime, Thrillers and Mystery",344
68172,Text,2022-05-25,"The man in grey Being episodes of the Chovan [i.e. Chouan] conspiracies in Normandy during the First Empire.",en,"Orczy, Emmuska Orczy, Baroness, 1865-1947",War stories; Mystery and detective stories; Normandy (France) -- Fiction; Chouans -- Fiction,PR,"Category: Historical Novels; Category: Crime, Thrillers and Mystery",249
68413,Text,2022-06-27,"Jack the runaway; or, On the road with a circus",en,"Webster, Frank V.",Mystery and detective stories; Circus -- Juvenile fiction; Runaway teenagers -- Juvenile fiction,PZ,Category: Children & Young Adult Reading; Category: Adventure; Category: Novels; Category: American Literature,263
68459,Text,2022-07-05,The Rambler Club's motor car,en,"Sheppard, W. Crispin (William Crispin), 1871-",Mystery and detective stories; Automobile travel -- Juvenile fiction; Chicago (Ill.) -- Juvenile fiction; Boys -- Societies and clubs -- Juvenile fiction; Wisconsin -- Juvenile fiction,PZ,Category: Children & Young Adult Reading; Category: Adventure; Category: Novels; Category: American Literature,251
68471,Text,2022-07-08,"Tom the telephone boy; or, The mystery of a message",en,"Webster, Frank V.",Mystery and detective stories; Robbery -- Juvenile fiction; Telephone operators -- Juvenile fiction,PZ,"Category: Children & Young Adult Reading; Category: Crime, Thrillers and Mystery; Category: Adventure; Category: Novels; Category: American Literature",265
69317,Text,2022-11-09,The Radio Girls on Station Island: The wireless from the steam yacht,en,"Penrose, Margaret; Gooch, Thelma, 1895-1973 [Illustrator]","Islands -- Juvenile fiction; Friendship -- Juvenile fiction; Yachts -- Juvenile fiction; Mystery and detective stories; Telegraph, Wireless -- Juvenile fiction; Right of property -- Juvenile fiction",PZ,Category: Children & Young Adult Reading; Category: Adventure; Category: Novels,267
69988,Text,2023-02-08,The house on the cliff,en,"Dixon, Franklin W.; Rogers, Walter S. (Walter Stanton), 1870-1937 [Illustrator]",Brothers -- Juvenile fiction; Mystery and detective stories; Hardy Boys (Fictitious characters) -- Juvenile fiction,PZ,"Category: Children & Young Adult Reading; Category: Crime, Thrillers and Mystery; Category: Adventure; Category: American Literature",433
70083,Text,2023-02-20,The tower treasure,en,"Dixon, Franklin W.; Rogers, Walter S. (Walter Stanton), 1870-1937 [Illustrator]",Brothers -- Juvenile fiction; Mystery and detective stories; Hardy Boys (Fictitious characters) -- Juvenile fiction,PZ,"Category: Children & Young Adult Reading; Category: Crime, Thrillers and Mystery; Category: Novels; Category: American Literature",665
70236,Text,2023-03-08,The secret of the old mill,en,"Dixon, Franklin W.; Rogers, Walter S. (Walter Stanton), 1870-1937 [Illustrator]",Brothers -- Juvenile fiction; Mystery and detective stories; Counterfeits and counterfeiting -- Juvenile fiction; Hardy Boys (Fictitious characters) -- Juvenile fiction,PZ,"Category: Children & Young Adult Reading; Category: Crime, Thrillers and Mystery; Category: Adventure; Category: American Literature",451
70924,Text,2023-06-06,"The adventures of Dora Bell, detective",en,"Corbett, George, Mrs., 1846-1930","Detective and mystery stories, English; Short stories, English; Women detectives -- Fiction",PR,"Category: Crime, Thrillers and Mystery; Category: British Literature",446
71068,Text,2023-06-29,The Rambler Club on the Texas border,en,"Sheppard, W. Crispin (William Crispin), 1871-",Mystery and detective stories; Mexico -- Juvenile fiction; Texas -- Juvenile fiction; Texas Rangers -- Juvenile fiction; Thieves -- Juvenile fiction; Rio Grande (Colo.-Mexico and Tex.) -- Juvenile fiction,PZ,Category: Children & Young Adult Reading; Category: Adventure; Category: Novels,172
71864,Text,2023-10-13,The white countess,en,"Warden, Florence, 1857-1929",London (England) -- Fiction; Mystery and detective stories; English fiction -- 20th century; Forgery -- Fiction,PR,"Category: Crime, Thrillers and Mystery; Category: Novels; Category: British Literature",295
72766,Text,2024-01-20,The Rambler Club's house-boat,en,"Sheppard, W. Crispin (William Crispin), 1871-",Houseboats -- Juvenile fiction; Mystery and detective stories; Hudson River (N.Y. and N.J.) -- Juvenile fiction,PZ,Category: Children & Young Adult Reading; Category: Adventure; Category: Novels,163
72840,Text,2024-01-31,The missing chums,en,"Dixon, Franklin W.; Rogers, Walter S. (Walter Stanton), 1870-1937 [Illustrator]",Brothers -- Juvenile fiction; Missing persons -- Juvenile fiction; Mystery and detective stories; Hardy Boys (Fictitious characters) -- Juvenile fiction,PZ,"Category: Children & Young Adult Reading; Category: Crime, Thrillers and Mystery; Category: Adventure; Category: Novels; Category: American Literature",333
72958,Text,2024-02-14,Hunting for hidden gold,en,"Dixon, Franklin W.; Rogers, Walter S. (Walter Stanton), 1870-1937 [Illustrator]",Brothers -- Juvenile fiction; Gold mines and mining -- Juvenile fiction; Mystery and detective stories; Montana -- Juvenile fiction; Robbers and outlaws -- Juvenile fiction; Hardy Boys (Fictitious characters) -- Juvenile fiction,PZ,"Category: Children & Young Adult Reading; Category: Crime, Thrillers and Mystery; Category: Adventure; Category: Novels; Category: American Literature",342
73102,Text,2024-03-04,The Shore Road mystery,en,"Dixon, Franklin W.; Rogers, Walter S. (Walter Stanton), 1870-1937 [Illustrator]",Brothers -- Juvenile fiction; Mystery and detective stories; Hardy Boys (Fictitious characters) -- Juvenile fiction; Automobile theft -- Juvenile fiction,PZ,"Category: Children & Young Adult Reading; Category: Crime, Thrillers and Mystery; Category: Adventure; Category: American Literature",401
75012,Text,2025-01-01,The mystery of Cabin Island,en,"Dixon, Franklin W.; Rogers, Walter S. (Walter Stanton), 1870-1937 [Illustrator]",Islands -- Juvenile fiction; Brothers -- Juvenile fiction; Mystery and detective stories; Iceboating -- Juvenile fiction; Hardy Boys (Fictitious characters) -- Juvenile fiction,PZ,"Category: Children & Young Adult Reading; Category: Crime, Thrillers and Mystery; Category: Adventure; Category: American Literature",439
75310,Text,2025-02-07,The secret of the caves,en,"Dixon, Franklin W.; Rogers, Walter S. (Walter Stanton), 1870-1937 [Illustrator]",Brothers -- Juvenile fiction; Missing persons -- Juvenile fiction; Mystery and detective stories; Hardy Boys (Fictitious characters) -- Juvenile fiction,PZ,"Category: Children & Young Adult Reading; Category: Crime, Thrillers and Mystery; Category: Adventure; Category: American Literature",415
75384,Text,2025-02-16,The patient in Room 18,en,"Eberhart, Mignon G. (Mignon Good), 1899-1996","Detective and mystery stories; Medical fiction; Nurses -- Fiction; Women detectives -- United States -- Fiction; Keate, Sarah (Fictitious character) -- Fiction",PS,"Category: Crime, Thrillers and Mystery; Category: Novels; Category: American Literature",317
75896,Text,2025-04-17,Arsène Lupin intervenes,en,"Leblanc, Maurice, 1864-1941","Burglars -- Fiction; Lupin, Arsène (Fictitious character) -- Fiction; Mystery and detective stories; Short stories, French -- Translations into English",PQ,"Category: Crime, Thrillers and Mystery; Category: Novels",260
76677,Text,2025-08-12,The girl from Scotland Yard,en,"Wallace, Edgar, 1875-1932",Detective and mystery stories; Police -- Great Britain -- Fiction; Women detectives -- Fiction,PR,"Category: Crime, Thrillers and Mystery; Category: Novels; Category: British Literature",467
77221,Text,2025-11-11,Two girls and a mystery,en,"Barton, May Hollis; Townsend, Ernest N. (Ernest Nathaniel), 1893-1945 [Illustrator]",Kidnapping -- Juvenile fiction; Young women -- Juvenile fiction; Mystery and detective stories; Poverty -- Juvenile fiction; Wills -- Juvenile fiction; Haunted houses -- Juvenile fiction; Scarsdale (N.Y.) -- Juvenile fiction,PZ,,531
108,Text,2006-03-08,The Return of Sherlock Holmes,en,"Doyle, Arthur Conan, 1859-1930","Holmes, Sherlock (Fictitious character) -- Fiction; Private investigators -- England -- Fiction; Detective and mystery stories, English",PR,"Detective Fiction; Category: Short Stories; Category: Crime, Thrillers and Mystery; Category: British Literature",349
244,Text,1995-04-01,A Study in Scarlet,en,"Doyle, Arthur Conan, 1859-1930","Holmes, Sherlock (Fictitious character) -- Fiction; Private investigators -- England -- Fiction; Detective and mystery stories; England -- Fiction",PR,"Detective Fiction; Category: Crime, Thrillers and Mystery; Category: Novels; Category: British Literature",247
834,Text,1997-03-01,The Memoirs of Sherlock Holmes,en,"Doyle, Arthur Conan, 1859-1930","Holmes, Sherlock (Fictitious character) -- Fiction; Private investigators -- England -- Fiction; Detective and mystery stories, English",PR,"Detective Fiction; Category: Short Stories; Category: Crime, Thrillers and Mystery; Category: British Literature",440
863,Text,1997-03-01,The Mysterious Affair at Styles,en,"Christie, Agatha, 1890-1976","Private investigators -- England -- Fiction; Detective and mystery stories; Belgians -- England -- Fiction; Poirot, Hercule (Fictitious character) -- Fiction",PR,"Detective Fiction; Category: Crime, Thrillers and Mystery; Category: Novels; Category: British Literature",560
1155,Text,1998-01-01,The Secret Adversary,en,"Christie, Agatha, 1890-1976","Private investigators -- England -- Fiction; Detective and mystery stories; Domestic fiction; Married people -- Fiction; Missing persons -- Fiction; Beresford, Tommy (Fictitious character) -- Fiction; Beresford, Tuppence (Fictitious character) -- Fiction",PR,"Detective Fiction; Category: Crime, Thrillers and Mystery; Category: Adventure; Category: Novels; Category: British Literature",3551
1661,Text,1999-03-01,The Adventures of Sherlock Holmes,en,"Doyle, Arthur Conan, 1859-1930","Holmes, Sherlock (Fictitious character) -- Fiction; Private investigators -- England -- Fiction; Detective and mystery stories, English",PR,"Detective Fiction; Contemporary Reviews; Banned Books from Anne Haight's list; Category: Short Stories; Category: Crime, Thrillers and Mystery; Category: British Literature",606
1696,Text,1999-04-01,The Club of Queer Trades,en,"Chesterton, G. K. (Gilbert Keith), 1874-1936","Detective and mystery stories, English; Private investigators -- England -- London -- Fiction",PR,Category: Short Stories; Category: Humour; Category: British Literature,1298
2097,Text,2000-03-01,The Sign of the Four,en,"Doyle, Arthur Conan, 1859-1930","Holmes, Sherlock (Fictitious character) -- Fiction; Private investigators -- England -- Fiction; Detective and mystery stories",PR,"Detective Fiction; Category: Crime, Thrillers and Mystery; Category: Novels; Category: British Literature",2337
2343,Text,2000-10-01,The Adventure of Wisteria Lodge,en,"Doyle, Arthur Conan, 1859-1930","Holmes, Sherlock (Fictitious character) -- Fiction; Private investigators -- England -- Fiction; Detective and mystery stories",PR,"Detective Fiction; Category: Crime, Thrillers and Mystery; Category: Novels; Category: British Literature",545
2344,Text,2000-10-01,The Adventure of the Cardboard Box,en,"Doyle, Arthur Conan, 1859-1930","Holmes, Sherlock (Fictitious character) -- Fiction; Private investigators -- England -- Fiction; Detective and mystery stories",PR,"Detective Fiction; Category: Crime, Thrillers and Mystery; Category: Novels; Category: British Literature",283
2345,Text,2000-10-01,The Adventure of the Red Circle,en,"Doyle, Arthur Conan, 1859-1930","Holmes, Sherlock (Fictitious character) -- Fiction; Private investigators -- England -- Fiction; Detective and mystery stories",PR,"Detective Fiction; Category: Crime, Thrillers and Mystery; Category: British Literature",328
2346,Text,2000-10-01,The Adventure of the Bruce-Partington Plans,en,"Doyle, Arthur Conan, 1859-1930","Holmes, Sherlock (Fictitious character) -- Fiction; Private investigators -- England -- Fiction; Detective and mystery stories",PR,"Detective Fiction; Category: Crime, Thrillers and Mystery; Category: British Literature",429
2347,Text,2000-10-01,The Adventure of the Dying Detective,en,"Doyle, Arthur Conan, 1859-1930","Holmes, Sherlock (Fictitious character) -- Fiction; Private investigators -- England -- Fiction; Detective and mystery stories",PR,"Detective Fiction; Category: Short Stories; Category: Crime, Thrillers and Mystery; Category: British Literature",2943
2348,Text,2000-10-01,The Disappearance of Lady Frances Carfax,en,"Doyle, Arthur Conan, 1859-1930","Holmes, Sherlock (Fictitious character) -- Fiction; Private investigators -- England -- Fiction; Detective and mystery stories",PR,"Detective Fiction; Category: Crime, Thrillers and Mystery; Category: British Literature",3437
2349,Text,2000-10-01,The Adventure of the Devil's Foot,en,"Doyle, Arthur Conan, 1859-1930","Holmes, Sherlock (Fictitious character) -- Fiction; Private investigators -- England -- Fiction; Detective and mystery stories",PR,"Detective Fiction; Category: Short Stories; Category: Crime, Thrillers and Mystery; Category: British Literature",468
2350,Text,2000-10-01,His last bow,en,"Doyle, Arthur Conan, 1859-1930","Holmes, Sherlock (Fictitious character) -- Fiction; Private investigators -- England -- Fiction; Detective and mystery stories, English",PR,"Detective Fiction; Category: Short Stories; Category: Crime, Thrillers and Mystery; Category: British Literature",3013
3289,Text,2002-06-01,The Valley of Fear,en,"Doyle, Arthur Conan, 1859-1930","Holmes, Sherlock (Fictitious character) -- Fiction; Private investigators -- England -- Fiction; Detective and mystery stories",PR,"Detective Fiction; Category: Crime, Thrillers and Mystery; Category: Novels; Category: British Literature",171
10709,Text,2004-01-01,Prince Zaleski,en,"Shiel, M. P. (Matthew Phipps), 1865-1947","Private investigators -- England -- Fiction; Detective and mystery stories, English",PR,"Category: Crime, Thrillers and Mystery; Category: Novels",4543
11252,Text,2004-02-01,"Martin Hewitt, Investigator",en,"Morrison, Arthur, 1863-1945","Private investigators -- England -- Fiction; Detective and mystery stories, English",PR,"Detective Fiction; Category: Short Stories; Category: Crime, Thrillers and Mystery; Category: British Literature",317
12932,Text,2004-07-17,Four Max Carrados Detective Stories,en,"Bramah, Ernest, 1869?-1942","Detective and mystery stories, English; Private investigators -- Fiction; Blind -- Fiction",PR,"Detective Fiction; Category: Short Stories; Category: Crime, Thrillers and Mystery; Category: British Literature",155
17866,Text,2006-02-26,Murder in the Gunroom,en,"Piper, H. Beam, 1904-1964",Detective and mystery stories; Private investigators -- Fiction; Murder -- Fiction,PS,"Crime Fiction; Category: Crime, Thrillers and Mystery; Category: Novels; Category: American Literature",2333
19369,Text,2006-09-25,The Triumphs of Eugène Valmont,en,"Barr, Robert, 1850-1912","Humorous stories, English; Detective and mystery stories, English; Private investigators -- England -- London -- Fiction; French -- England -- London -- Fiction",PS,"Detective Fiction; Category: Short Stories; Category: Crime, Thrillers and Mystery",26832
28071,Text,2009-02-14,"The Red Triangle: Being Some Further Chronicles of Martin Hewitt, Investigator",en,"Morrison, Arthur, 1863-1945","Detective and mystery stories, English; Private investigators -- Fiction",PR,"Detective Fiction; Category: Short Stories; Category: Crime, Thrillers and Mystery; Category: British Literature",2230
34732,Text,2010-12-23,Max Carrados,en,"Bramah, Ernest, 1869?-1942","Detective and mystery stories, English; Private investigators -- Fiction; Blind -- Fiction",PR,"Detective Fiction; Category: Short Stories; Category: Crime, Thrillers and Mystery; Category: British Literature",229
37820,Text,2011-10-22,Chronicles of Martin Hewitt,en,"Morrison, Arthur, 1863-1945","Detective and mystery stories, English; Private investigators -- Fiction",PR,"Detective Fiction; Category: Short Stories; Category: Crime, Thrillers and Mystery; Category: British Literature",7569
53341,Text,2016-10-22,The Dorrington Deed-Box,en,"Morrison, Arthur, 1863-1945; Wood, Stanley L., 1866-1928 [Illustrator]","Detective and mystery stories, English; Private investigators -- Fiction",PR,"Adventure; Category: Crime, Thrillers and Mystery; Category: Novels; Category: British Literature",819
54445,Text,2017-03-28,The Hospital Murders,en,"Davis, Means, 1904-1999",Detective and mystery stories; Murder -- Investigation -- Fiction; Private investigators -- Fiction; Medical personnel -- Fiction,PS,"Category: Crime, Thrillers and Mystery; Category: Novels",194
58820,Text,2019-02-03,Whose Body? A Lord Peter Wimsey Novel,en,"Sayers, Dorothy L. (Dorothy Leigh), 1893-1957","Private investigators -- England -- Fiction; Detective and mystery stories; Murder -- Investigation -- Fiction; Wimsey, Peter, Lord (Fictitious character), 1890- -- Fiction",PR,"Detective Fiction; Category: Crime, Thrillers and Mystery; Category: Novels; Category: British Literature",424
58866,Text,2019-02-11,The Murder on the Links,en,"Christie, Agatha, 1890-1976","Private investigators -- England -- Fiction; Detective and mystery stories; Poirot, Hercule (Fictitious character) -- Fiction",PR,"Detective Fiction; Category: Crime, Thrillers and Mystery; Category: Novels; Category: British Literature",6505
59319,Text,2019-04-20,"Adventures of Martin Hewitt, Third Series",en,"Morrison, Arthur, 1863-1945; Crowther, T. S. C. [Illustrator]","Private investigators -- England -- Fiction; Detective and mystery stories, English",PR,"Category: Short Stories; Category: Crime, Thrillers and Mystery; Category: British Literature",209
61262,Text,2020-01-28,Poirot Investigates,en,"Christie, Agatha, 1890-1976","Private investigators -- England -- Fiction; Detective and mystery stories, English; Belgians -- England -- Fiction; Poirot, Hercule (Fictitious character) -- Fiction",PR,"Detective Fiction; Category: Short Stories; Category: Crime, Thrillers and Mystery; Category: British Literature",267
66723,Text,2021-11-13,"Stop, You're Killing Me!",en,"Marlowe, Stephen, 1928-2008",Science fiction; Short stories; Time travel -- Fiction; Private investigators -- Fiction; Inventors -- Fiction; Detectives -- Fiction,PS,"Category: Science-Fiction & Fantasy; Category: Crime, Thrillers and Mystery; Category: Novels",470
67160,Text,2022-01-14,The Hunter's Lodge Case,en,"Christie, Agatha, 1890-1976","Short stories; Private investigators -- England -- Fiction; Detective and mystery stories; Murder -- Investigation -- Fiction; Poirot, Hercule (Fictitious character) -- Fiction",PR,"Category: Crime, Thrillers and Mystery; Category: Novels; Category: British Literature",2308
67173,Text,2022-01-15,The Missing Will,en,"Christie, Agatha, 1890-1976","Short stories; Private investigators -- England -- Fiction; Detective and mystery stories; Inheritance and succession -- Fiction; Poirot, Hercule (Fictitious character) -- Fiction; Wills -- Fiction",PR,"Category: Short Stories; Category: Crime, Thrillers and Mystery; Category: British Literature",3225
69087,Text,2022-10-02,The murder of Roger Ackroyd,en,"Christie, Agatha, 1890-1976","Private investigators -- England -- Fiction; Detective and mystery stories; Murder -- Investigation -- Fiction; Belgians -- England -- Fiction; Poirot, Hercule (Fictitious character) -- Fiction",PR,"Category: Crime, Thrillers and Mystery; Category: Novels; Category: British Literature",724
69700,Text,2023-01-03,The case-book of Sherlock Holmes,en,"Doyle, Arthur Conan, 1859-1930","Holmes, Sherlock (Fictitious character) -- Fiction; Private investigators -- England -- Fiction; Detective and mystery stories, English",PR,"Category: Short Stories; Category: Crime, Thrillers and Mystery; Category: British Literature",334
70008,Text,2023-02-10,Unnatural death,en,"Sayers, Dorothy L. (Dorothy Leigh), 1893-1957","Private investigators -- England -- Fiction; Detective and mystery stories; Wimsey, Peter, Lord (Fictitious character), 1890- -- Fiction",PR,"Category: Crime, Thrillers and Mystery; Category: Novels; Category: British Literature",636
70114,Text,2023-02-23,The Big Four,en,"Christie, Agatha, 1890-1976","Private investigators -- England -- Fiction; Detective and mystery stories, English; Murder -- Investigation -- Fiction; Poirot, Hercule (Fictitious character) -- Fiction; Mystery fiction; Secret societies -- Fiction",PR,"Category: Crime, Thrillers and Mystery; Category: Novels; Category: British Literature",5892
70388,Text,2023-03-26,Remember the 4th!,en,"Loomis, Noel M., 1905-1969",Science fiction; Short stories; Private investigators -- Fiction; Inventions -- Fiction; Trials (Divorce) -- Fiction,PS,"Category: Science-Fiction & Fantasy; Category: Crime, Thrillers and Mystery",2713
70432,Text,2023-04-01,Clouds of witness,en,"Sayers, Dorothy L. (Dorothy Leigh), 1893-1957","Private investigators -- England -- Fiction; Detective and mystery stories; England -- Fiction; Wimsey, Peter, Lord (Fictitious character), 1890- -- Fiction",PR,"Category: Crime, Thrillers and Mystery; Category: Novels; Category: British Literature",339
70634,Text,2023-04-23,The Benson murder case,en,"Van Dine, S. S., 1888-1939; Stoops, Herbert Morton, 1887-1948 [Illustrator]","Detective and mystery stories; Murder -- Investigation -- Fiction; Manhattan (New York, N.Y.) -- Fiction; Stockbrokers -- Fiction; Vance, Philo (Fictitious character) -- Fiction; Private investigators -- New York (State) -- New York -- Fiction",PS,"Category: Crime, Thrillers and Mystery; Category: Novels; Category: American Literature",14555
70788,Text,2023-05-17,"The ""Canary"" murder case",en,"Van Dine, S. S., 1888-1939","Detective and mystery stories; Murder -- Investigation -- Fiction; Vance, Philo (Fictitious character) -- Fiction; Private investigators -- New York (State) -- New York -- Fiction",PS,"Category: Crime, Thrillers and Mystery; Category: Novels; Category: American Literature",232
70964,Text,2023-06-12,The wrong letter,en,"Masterman, Walter S. (Walter Sidney), 1876-1946; Chesterton, G. K. (Gilbert Keith), 1874-1936 [Author of introduction, etc.]",Detective and mystery stories; Murder -- Investigation -- Fiction; Private investigators -- England -- London -- Fiction; Great Britain. Metropolitan Police Office -- Fiction,PR,"Category: Crime, Thrillers and Mystery; Category: Novels; Category: British Literature",377
71631,Text,2023-09-13,His darling sin,en,"Braddon, M. E. (Mary Elizabeth), 1835-1915",Detective and mystery stories; Widows -- Fiction; Criminals -- Fiction; Private investigators -- Fiction; Murder -- Fiction; Mistaken identity -- Fiction; Scandals -- Fiction; Narcotics -- Fiction,PR,Category: Novels; Category: British Literature,687
72719,Text,2024-01-14,The Greene murder case,en,"Van Dine, S. S., 1888-1939; Balcolm, Lowell Leroy, 1887-1938 [Illustrator]","Detective and mystery stories; Murder -- Investigation -- Fiction; Vance, Philo (Fictitious character) -- Fiction; Private investigators -- New York (State) -- New York -- Fiction",PS,"Category: Crime, Thrillers and Mystery; Category: Novels; Category: American Literature",885
72824,Text,2024-01-29,The mystery of the Blue Train,en,"Christie, Agatha, 1890-1976","Private investigators -- England -- Fiction; Detective and mystery stories; Jewelry theft -- Fiction; Poirot, Hercule (Fictitious character) -- Fiction; Railroad travel -- France -- Fiction; Married women -- Crimes against -- Fiction; Rich people -- Crimes against -- Fiction",PR,"Category: Crime, Thrillers and Mystery; Category: Novels; Category: British Literature",349
72855,Text,2024-02-02,The unpleasantness at the Bellona Club,en,"Sayers, Dorothy L. (Dorothy Leigh), 1893-1957","Private investigators -- England -- Fiction; Detective and mystery stories; Wimsey, Peter, Lord (Fictitious character), 1890- -- Fiction",PR,"Category: Crime, Thrillers and Mystery; Category: Novels; Category: British Literature",575
72869,Text,2024-02-04,Meet the Tiger,en,"Charteris, Leslie, 1907-1993",Private investigators -- England -- Fiction; Detective and mystery stories; Saint (Fictitious character) -- Fiction,PR,"Category: Crime, Thrillers and Mystery; Category: Adventure; Category: Novels; Category: British Literature",3648
73295,Text,2024-03-30,Lord Peter views the body,en,"Sayers, Dorothy L. (Dorothy Leigh), 1893-1957","Private investigators -- England -- Fiction; Detective and mystery stories; Wimsey, Peter, Lord (Fictitious character), 1890- -- Fiction",PR,"Category: Crime, Thrillers and Mystery; Category: British Literature",9175
75157,Text,2025-01-20,The Bishop murder case,en,"Van Dine, S. S., 1888-1939","Detective and mystery stories; Murder -- Investigation -- Fiction; Vance, Philo (Fictitious character) -- Fiction; Private investigators -- New York (State) -- New York -- Fiction",PS,"Category: Crime, Thrillers and Mystery; Category: Novels; Category: American Literature",6941
75359,Text,2025-02-13,The crime at Black Dudley,en,"Allingham, Margery, 1904-1966","Private investigators -- England -- Fiction; Detective and mystery stories; Murder -- Investigation -- Fiction; Country homes -- England -- Fiction; Campion, Albert (Fictitious character) -- Fiction",PR,"Category: Crime, Thrillers and Mystery; Category: Novels; Category: British Literature",848
77033,Text,2025-10-11,The sinister mark,en,"Thayer, Lee, 1874-1973",Detective and mystery stories; Missing persons -- Fiction; Private investigators -- Fiction,PS,"Category: Crime, Thrillers and Mystery; Category: Novels; Category: American Literature",4252
3070,Text,2002-02-01,The Hound of the Baskervilles,en,"Doyle, Arthur Conan, 1859-1930","Holmes, Sherlock (Fictitious character) -- Fiction; Private investigators -- England -- Fiction; Dogs -- Fiction; Detective and mystery stories; Blessing and cursing -- Fiction; Dartmoor (England) -- Fiction",PR,"Bestsellers, American, 1895-1923; Category: Crime, Thrillers and Mystery; Category: Novels; Category: British Literature",337
